time,sp,sensor,sensor filtered,e,p,i,d,control signal
18:46:40,37.0,23,23.0,14.0,3.6106000000000003,0.15,0.0,0
18:46:40,37.0,23,23.0,14.0,3.6106000000000003,0.3,0.0,3.7606
18:46:40,37.0,23,23.0,14.0,3.6106000000000003,0.45,0.0,3.9106
18:46:40,37.0,23,23.0,14.0,3.6106000000000003,0.6,0.0,4.0606
18:46:40,37.0,23,23.0,14.0,3.6106000000000003,0.75,0.0,4.2106
18:46:40,37.0,23,23.0,14.0,3.6106000000000003,0.9,0.0,4.3606
18:46:40,37.0,23,23.0,14.0,3.6106000000000003,1.05,0.0,4.5106
18:46:40,37.0,23,23.0,14.0,3.6106000000000003,1.2,0.0,4.6606000000000005
18:46:40,37.0,23,23.0,14.0,3.6106000000000003,1.35,0.0,4.8106
18:46:40,37.0,23,23.0,14.0,3.6106000000000003,1.5,0.0,4.9606
18:46:40,37.0,23,23.0,14.0,3.6106000000000003,1.65,0.0,5.1106
18:46:40,37.0,23,23.0,14.0,3.6106000000000003,1.8,0.0,5.2606
18:46:40,37.0,23,23.0,14.0,3.6106000000000003,1.95,0.0,5.4106000000000005
18:46:40,37.0,23,23.0,14.0,3.6106000000000003,2.1,0.0,5.5606
18:46:40,37.0,23,23.0,14.0,3.6106000000000003,2.25,0.0,5.7106
18:46:40,37.0,23,23.0,14.0,3.6106000000000003,2.4,0.0,5.8606
18:46:40,37.0,23,23.0,14.0,3.6106000000000003,2.55,0.0,6.0106
18:46:40,37.0,23,23.0,14.0,3.6106000000000003,2.7,0.0,6.1606000000000005
18:46:40,37.0,23,23.0,14.0,3.6106000000000003,2.85,0.0,6.310600000000001
18:46:40,37.0,23,23.0,14.0,3.6106000000000003,3.0,0.0,6.4606
18:46:40,37.0,23,23.0,14.0,3.6106000000000003,3.15,0.0,6.6106
18:46:40,37.0,23,23.0,14.0,3.6106000000000003,3.3,0.0,6.7606
18:46:40,37.0,23,23.0,14.0,3.6106000000000003,3.45,0.0,6.9106000000000005
18:46:40,37.0,23,23.0,14.0,3.6106000000000003,3.6,0.0,7.060600000000001
18:46:40,37.0,23,23.0,14.0,3.6106000000000003,3.75,0.0,7.2106
18:46:40,37.0,23,23.0,14.0,3.6106000000000003,3.9,0.0,7.3606
18:46:40,37.0,23,23.0,14.0,3.6106000000000003,4.05,0.0,7.5106
18:46:40,37.0,23,23.0,14.0,3.6106000000000003,4.2,0.0,7.6606000000000005
18:46:40,37.0,23,23.0,14.0,3.6106000000000003,4.35,0.0,7.810600000000001
18:46:40,37.0,23,23.0,14.0,3.6106000000000003,4.5,0.0,7.9605999999999995
18:46:40,37.0,23,23.0,14.0,3.6106000000000003,4.65,0.0,8.1106
18:46:40,37.0,23,23.0,14.0,3.6106000000000003,4.8,0.0,8.2606
18:46:40,37.0,23,23.0,14.0,3.6106000000000003,4.95,0.0,8.4106
18:46:40,37.0,23,23.0,14.0,3.6106000000000003,5.1,0.0,8.5606
18:46:40,37.0,23,23.0,14.0,3.6106000000000003,5.25,0.0,8.7106
18:46:40,37.0,23,23.0,14.0,3.6106000000000003,5.4,0.0,8.8606
18:46:40,37.0,23,23.0,14.0,3.6106000000000003,5.55,0.0,9.0106
18:46:40,37.0,23,23.0,14.0,3.6106000000000003,5.7,0.0,9.1606
18:46:40,37.0,23,23.0,14.0,3.6106000000000003,5.85,0.0,9.3106
18:46:40,37.0,23,23.0,14.0,3.6106000000000003,6.0,0.0,9.4606
18:46:40,37.0,23,23.0,14.0,3.6106000000000003,6.15,0.0,9.6106
18:46:40,37.0,23,23.0,14.0,3.6106000000000003,6.3,0.0,9.7606
18:46:40,37.0,23,23.0,14.0,3.6106000000000003,6.45,0.0,9.9106
18:46:40,37.0,23,23.0,14.0,3.6106000000000003,6.6,0.0,10.0606
18:46:40,37.0,23,23.0,14.0,3.6106000000000003,6.75,0.0,10.2106
18:46:40,37.0,23,23.0,14.0,3.6106000000000003,6.9,0.0,10.3606
18:46:40,37.0,23,23.0,14.0,3.6106000000000003,7.05,0.0,10.5106
18:46:40,37.0,23,23.0,14.0,3.6106000000000003,7.2,0.0,10.6606
18:46:40,37.0,23,23.0,14.0,3.6106000000000003,7.35,0.0,10.8106
18:46:40,37.0,23,23.0,14.0,3.6106000000000003,7.5,0.0,10.9606
18:46:40,37.0,23,23.0,14.0,3.6106000000000003,7.65,0.0,11.1106
18:46:40,37.0,23,23.0,14.0,3.6106000000000003,7.8,0.0,11.2606
18:46:40,37.0,23,23.0,14.0,3.6106000000000003,7.95,0.0,11.4106
18:46:40,37.0,23,23.0,14.0,3.6106000000000003,8.1,0.0,11.5606
18:46:40,37.0,23,23.0,14.0,3.6106000000000003,8.25,0.0,11.7106
18:46:40,37.0,23,23.0,14.0,3.6106000000000003,8.4,0.0,11.8606
18:46:40,37.0,23,23.0,14.0,3.6106000000000003,8.55,0.0,12.0106
18:46:40,37.0,23,23.0,14.0,3.6106000000000003,8.7,0.0,12.1606
18:46:40,37.0,23,23.0,14.0,3.6106000000000003,8.85,0.0,12.310599999999999
18:46:40,37.0,23,23.0,14.0,3.6106000000000003,9.0,0.0,12.4606
18:46:40,37.0,23,23.0,14.0,3.6106000000000003,9.15,0.0,12.6106
18:46:40,37.0,23,23.0,14.0,3.6106000000000003,9.3,0.0,12.7606
18:46:40,37.0,23,23.0,14.0,3.6106000000000003,9.45,0.0,12.9106
18:46:40,37.0,23,23.0,14.0,3.6106000000000003,9.6,0.0,13.060599999999999
18:46:40,37.0,23,23.0,14.0,3.6106000000000003,9.75,0.0,13.2106
18:46:40,37.0,23,23.0,14.0,3.6106000000000003,9.9,0.0,13.3606
18:46:40,37.0,23,23.0,14.0,3.6106000000000003,10.05,0.0,13.5106
18:46:40,37.0,23,23.0,14.0,3.6106000000000003,10.2,0.0,13.6606
18:46:40,37.0,23,23.0,14.0,3.6106000000000003,10.35,0.0,13.810599999999999
18:46:40,37.0,23,23.0,14.0,3.6106000000000003,10.5,0.0,13.9606
18:46:40,37.0,23,23.0,14.0,3.6106000000000003,10.65,0.0,14.1106
18:46:40,37.0,23,23.0,14.0,3.6106000000000003,10.8,0.0,14.2606
18:46:40,37.0,23,23.0,14.0,3.6106000000000003,10.95,0.0,14.4106
18:46:40,37.0,23,23.0,14.0,3.6106000000000003,11.1,0.0,14.560599999999999
18:46:40,37.0,23,23.0,14.0,3.6106000000000003,11.25,0.0,14.7106
18:46:40,37.0,23,23.0,14.0,3.6106000000000003,11.4,0.0,14.8606
18:46:40,37.0,23,23.0,14.0,3.6106000000000003,11.55,0.0,15.0106
18:46:40,37.0,23,23.0,14.0,3.6106000000000003,11.7,0.0,15.1606
18:46:40,37.0,23,23.0,14.0,3.6106000000000003,11.85,0.0,15.310599999999999
18:46:40,37.0,23,23.0,14.0,3.6106000000000003,12.0,0.0,15.4606
18:46:40,37.0,23,23.0,14.0,3.6106000000000003,12.15,0.0,15.6106
18:46:40,37.0,23,23.0,14.0,3.6106000000000003,12.3,0.0,15.7606
18:46:40,37.0,23,23.0,14.0,3.6106000000000003,12.45,0.0,15.9106
18:46:40,37.0,23,23.0,14.0,3.6106000000000003,12.6,0.0,16.0606
18:46:40,37.0,23,23.0,14.0,3.6106000000000003,12.75,0.0,16.2106
18:46:40,37.0,23,23.0,14.0,3.6106000000000003,12.91,0.0,16.3606
18:46:40,37.0,23,23.0,14.0,3.6106000000000003,13.06,0.0,16.5206
18:46:40,37.0,23,23.0,14.0,3.6106000000000003,13.21,0.0,16.6706
18:46:40,37.0,23,23.0,14.0,3.6106000000000003,13.36,0.0,16.820600000000002
18:46:40,37.0,23,23.0,14.0,3.6106000000000003,13.51,0.0,16.9706
18:46:40,37.0,23,23.0,14.0,3.6106000000000003,13.66,0.0,17.1206
18:46:40,37.0,23,23.0,14.0,3.6106000000000003,13.81,0.0,17.2706
18:46:40,37.0,23,23.0,14.0,3.6106000000000003,13.96,0.0,17.4206
18:46:40,37.0,23,23.0,14.0,3.6106000000000003,14.11,0.0,17.570600000000002
18:46:40,37.0,23,23.0,14.0,3.6106000000000003,14.26,0.0,17.7206
18:46:40,37.0,23,23.0,14.0,3.6106000000000003,14.41,0.0,17.8706
18:46:40,37.0,23,23.0,14.0,3.6106000000000003,14.56,0.0,18.0206
18:46:40,37.0,23,23.0,14.0,3.6106000000000003,14.71,0.0,18.1706
18:46:40,37.0,23,23.0,14.0,3.6106000000000003,14.86,0.0,18.320600000000002
18:46:40,37.0,23,23.0,14.0,3.6106000000000003,15.01,0.0,18.4706
18:46:40,37.0,23,23.0,14.0,3.6106000000000003,15.16,0.0,18.6206
18:46:40,37.0,23,23.0,14.0,3.6106000000000003,15.31,0.0,18.7706
18:46:40,37.0,23,23.0,14.0,3.6106000000000003,15.46,0.0,18.9206
18:46:40,37.0,23,23.0,14.0,3.6106000000000003,15.61,0.0,19.070600000000002
18:46:40,37.0,23,23.0,14.0,3.6106000000000003,15.76,0.0,19.2206
18:46:40,37.0,23,23.0,14.0,3.6106000000000003,15.91,0.0,19.3706
18:46:40,37.0,23,23.0,14.0,3.6106000000000003,16.06,0.0,19.5206
18:46:40,37.0,23,23.0,14.0,3.6106000000000003,16.21,0.0,19.6706
18:46:40,37.0,23,23.0,14.0,3.6106000000000003,16.36,0.0,19.820600000000002
18:46:40,37.0,23,23.0,14.0,3.6106000000000003,16.51,0.0,19.9706
18:46:40,37.0,23,23.0,14.0,3.6106000000000003,16.66,0.0,20.120600000000003
18:46:40,37.0,23,23.0,14.0,3.6106000000000003,16.81,0.0,20.2706
18:46:40,37.0,23,23.0,14.0,3.6106000000000003,16.96,0.0,20.4206
18:46:40,37.0,23,23.0,14.0,3.6106000000000003,17.11,0.0,20.570600000000002
18:46:40,37.0,23,23.0,14.0,3.6106000000000003,17.26,0.0,20.7206
18:46:40,37.0,23,23.0,14.0,3.6106000000000003,17.41,0.0,20.870600000000003
18:46:40,37.0,23,23.0,14.0,3.6106000000000003,17.56,0.0,21.0206
18:46:40,37.0,23,23.0,14.0,3.6106000000000003,17.71,0.0,21.1706
18:46:40,37.0,23,23.0,14.0,3.6106000000000003,17.86,0.0,21.320600000000002
18:46:40,37.0,23,23.0,14.0,3.6106000000000003,18.01,0.0,21.4706
18:46:40,37.0,23,23.0,14.0,3.6106000000000003,18.16,0.0,21.620600000000003
18:46:40,37.0,23,23.0,14.0,3.6106000000000003,18.31,0.0,21.7706
18:46:40,37.0,23,23.0,14.0,3.6106000000000003,18.46,0.0,21.9206
18:46:40,37.0,23,23.0,14.0,3.6106000000000003,18.61,0.0,22.070600000000002
18:46:40,37.0,23,23.0,14.0,3.6106000000000003,18.76,0.0,22.2206
18:46:40,37.0,23,23.0,14.0,3.6106000000000003,18.91,0.0,22.370600000000003
18:46:40,37.0,23,23.0,14.0,3.6106000000000003,19.08,0.0,22.5206
18:46:40,37.0,23,23.0,14.0,3.6106000000000003,19.23,0.0,22.6906
18:46:40,37.0,23,23.0,14.0,3.6106000000000003,19.41,0.0,22.840600000000002
18:46:40,37.0,23,23.0,14.0,3.6106000000000003,19.56,0.0,23.0206
18:46:40,37.0,23,23.0,14.0,3.6106000000000003,19.71,0.0,23.1706
18:46:40,37.0,23,23.0,14.0,3.6106000000000003,19.88,0.0,23.320600000000002
18:46:40,37.0,23,23.0,14.0,3.6106000000000003,20.03,0.0,23.4906
18:46:40,37.0,23,23.0,14.0,3.6106000000000003,20.18,0.0,23.640600000000003
18:46:40,37.0,23,23.0,14.0,3.6106000000000003,20.33,0.0,23.7906
18:46:40,37.0,23,23.0,14.0,3.6106000000000003,20.48,0.0,23.9406
18:46:40,37.0,23,23.0,14.0,3.6106000000000003,20.63,0.0,24.090600000000002
18:46:40,37.0,23,23.0,14.0,3.6106000000000003,20.78,0.0,24.2406
18:46:40,37.0,23,23.0,14.0,3.6106000000000003,20.94,0.0,24.390600000000003
18:46:40,37.0,23,23.0,14.0,3.6106000000000003,21.09,0.0,24.550600000000003
18:46:40,37.0,23,23.0,14.0,3.6106000000000003,21.24,0.0,24.7006
18:46:40,37.0,23,23.0,14.0,3.6106000000000003,21.39,0.0,24.8506
18:46:40,37.0,23,23.0,14.0,3.6106000000000003,21.54,0.0,25.000600000000002
18:46:40,37.0,23,23.0,14.0,3.6106000000000003,21.69,0.0,25.1506
18:46:40,37.0,23,23.0,14.0,3.6106000000000003,21.84,0.0,25.300600000000003
18:46:40,37.0,23,23.0,14.0,3.6106000000000003,21.99,0.0,25.4506
18:46:40,37.0,23,23.0,14.0,3.6106000000000003,22.14,0.0,25.6006
18:46:40,37.0,23,23.0,14.0,3.6106000000000003,22.29,0.0,25.750600000000002
18:46:40,37.0,23,23.0,14.0,3.6106000000000003,22.46,0.0,25.9006
18:46:40,37.0,23,23.0,14.0,3.6106000000000003,22.63,0.0,26.070600000000002
18:46:40,37.0,23,23.0,14.0,3.6106000000000003,22.78,0.0,26.2406
18:46:40,37.0,23,23.0,14.0,3.6106000000000003,22.93,0.0,26.390600000000003
18:46:40,37.0,23,23.0,14.0,3.6106000000000003,23.08,0.0,26.5406
18:46:40,37.0,23,23.0,14.0,3.6106000000000003,23.24,0.0,26.6906
18:46:40,37.0,23,23.0,14.0,3.6106000000000003,23.39,0.0,26.8506
18:46:40,37.0,23,23.0,14.0,3.6106000000000003,23.54,0.0,27.000600000000002
18:46:40,37.0,23,23.0,14.0,3.6106000000000003,23.7,0.0,27.1506
18:46:40,37.0,23,23.0,14.0,3.6106000000000003,23.85,0.0,27.3106
18:46:40,37.0,23,23.0,14.0,3.6106000000000003,24.0,0.0,27.460600000000003
18:46:40,37.0,23,23.0,14.0,3.6106000000000003,24.15,0.0,27.6106
18:46:40,37.0,23,23.0,14.0,3.6106000000000003,24.3,0.0,27.7606
18:46:40,37.0,23,23.0,14.0,3.6106000000000003,24.45,0.0,27.910600000000002
18:46:40,37.0,23,23.0,14.0,3.6106000000000003,24.6,0.0,28.0606
18:46:40,37.0,23,23.0,14.0,3.6106000000000003,24.75,0.0,28.210600000000003
18:46:40,37.0,23,23.0,14.0,3.6106000000000003,24.9,0.0,28.3606
18:46:40,37.0,23,23.0,14.0,3.6106000000000003,25.05,0.0,28.5106
18:46:40,37.0,23,23.0,14.0,3.6106000000000003,25.2,0.0,28.660600000000002
18:46:40,37.0,23,23.0,14.0,3.6106000000000003,25.36,0.0,28.8106
18:46:40,37.0,23,23.0,14.0,3.6106000000000003,25.51,0.0,28.9706
18:46:40,37.0,23,23.0,14.0,3.6106000000000003,25.66,0.0,29.120600000000003
18:46:40,37.0,23,23.0,14.0,3.6106000000000003,25.81,0.0,29.2706
18:46:40,37.0,23,23.0,14.0,3.6106000000000003,25.96,0.0,29.4206
18:46:40,37.0,23,23.0,14.0,3.6106000000000003,26.11,0.0,29.570600000000002
18:46:40,37.0,23,23.0,14.0,3.6106000000000003,26.26,0.0,29.7206
18:46:40,37.0,23,23.0,14.0,3.6106000000000003,26.41,0.0,29.870600000000003
18:46:40,37.0,23,23.0,14.0,3.6106000000000003,26.56,0.0,30.0206
18:46:40,37.0,23,23.0,14.0,3.6106000000000003,26.71,0.0,30.1706
18:46:40,37.0,23,23.0,14.0,3.6106000000000003,26.86,0.0,30.320600000000002
18:46:40,37.0,23,23.0,14.0,3.6106000000000003,27.01,0.0,30.4706
18:46:40,37.0,23,23.0,14.0,3.6106000000000003,27.16,0.0,30.620600000000003
18:46:40,37.0,23,23.0,14.0,3.6106000000000003,27.31,0.0,30.7706
18:46:40,37.0,23,23.0,14.0,3.6106000000000003,27.46,0.0,30.9206
18:46:40,37.0,23,23.0,14.0,3.6106000000000003,27.61,0.0,31.070600000000002
18:46:40,37.0,23,23.0,14.0,3.6106000000000003,27.76,0.0,31.2206
18:46:40,37.0,23,23.0,14.0,3.6106000000000003,27.91,0.0,31.370600000000003
18:46:40,37.0,23,23.0,14.0,3.6106000000000003,28.06,0.0,31.5206
18:46:40,37.0,23,23.0,14.0,3.6106000000000003,28.21,0.0,31.6706
18:46:40,37.0,23,23.0,14.0,3.6106000000000003,28.36,0.0,31.820600000000002
18:46:40,37.0,23,23.0,14.0,3.6106000000000003,28.51,0.0,31.9706
18:46:40,37.0,23,23.0,14.0,3.6106000000000003,28.66,0.0,32.1206
18:46:40,37.0,23,23.0,14.0,3.6106000000000003,28.81,0.0,32.2706
18:46:40,37.0,23,23.0,14.0,3.6106000000000003,28.96,0.0,32.4206
18:46:40,37.0,23,23.0,14.0,3.6106000000000003,29.11,0.0,32.5706
18:46:40,37.0,23,23.0,14.0,3.6106000000000003,29.26,0.0,32.7206
18:46:40,37.0,23,23.0,14.0,3.6106000000000003,29.41,0.0,32.8706
18:46:40,37.0,23,23.0,14.0,3.6106000000000003,29.56,0.0,33.0206
18:46:40,37.0,23,23.0,14.0,3.6106000000000003,29.71,0.0,33.1706
18:46:40,37.0,23,23.0,14.0,3.6106000000000003,29.86,0.0,33.3206
18:46:40,37.0,23,23.0,14.0,3.6106000000000003,30.01,0.0,33.4706
18:46:40,37.0,23,23.0,14.0,3.6106000000000003,30.16,0.0,33.6206
18:46:40,37.0,23,23.0,14.0,3.6106000000000003,30.31,0.0,33.7706
18:46:40,37.0,23,23.0,14.0,3.6106000000000003,30.46,0.0,33.9206
18:46:40,37.0,23,23.0,14.0,3.6106000000000003,30.61,0.0,34.0706
18:46:40,37.0,23,23.0,14.0,3.6106000000000003,30.76,0.0,34.2206
18:46:40,37.0,23,23.0,14.0,3.6106000000000003,30.91,0.0,34.3706
18:46:40,37.0,23,23.0,14.0,3.6106000000000003,31.06,0.0,34.5206
18:46:40,37.0,23,23.0,14.0,3.6106000000000003,31.21,0.0,34.6706
18:46:40,37.0,23,23.0,14.0,3.6106000000000003,31.36,0.0,34.8206
18:46:40,37.0,23,23.0,14.0,3.6106000000000003,31.51,0.0,34.9706
18:46:40,37.0,23,23.0,14.0,3.6106000000000003,31.66,0.0,35.1206
18:46:40,37.0,23,23.0,14.0,3.6106000000000003,31.81,0.0,35.2706
18:46:40,37.0,23,23.0,14.0,3.6106000000000003,31.96,0.0,35.4206
18:46:40,37.0,23,23.0,14.0,3.6106000000000003,32.13,0.0,35.5706
18:46:40,37.0,23,23.0,14.0,3.6106000000000003,32.28,0.0,35.7406
18:46:40,37.0,23,23.0,14.0,3.6106000000000003,32.43,0.0,35.8906
18:46:40,37.0,23,23.0,14.0,3.6106000000000003,32.58,0.0,36.0406
18:46:40,37.0,23,23.0,14.0,3.6106000000000003,32.73,0.0,36.190599999999996
18:46:40,37.0,23,23.0,14.0,3.6106000000000003,32.88,0.0,36.340599999999995
18:46:40,37.0,23,23.0,14.0,3.6106000000000003,33.03,0.0,36.4906
18:46:40,37.0,23,23.0,14.0,3.6106000000000003,33.18,0.0,36.6406
18:46:40,37.0,23,23.0,14.0,3.6106000000000003,33.33,0.0,36.7906
18:46:40,37.0,23,23.0,14.0,3.6106000000000003,33.48,0.0,36.940599999999996
18:46:40,37.0,23,23.0,14.0,3.6106000000000003,33.63,0.0,37.090599999999995
18:46:40,37.0,23,23.0,14.0,3.6106000000000003,33.78,0.0,37.2406
18:46:40,37.0,23,23.0,14.0,3.6106000000000003,33.93,0.0,37.3906
18:46:40,37.0,23,23.0,14.0,3.6106000000000003,34.08,0.0,37.5406
18:46:40,37.0,23,23.0,14.0,3.6106000000000003,34.23,0.0,37.690599999999996
18:46:40,37.0,23,23.0,14.0,3.6106000000000003,34.38,0.0,37.840599999999995
18:46:40,37.0,23,23.0,14.0,3.6106000000000003,34.53,0.0,37.9906
18:46:40,37.0,23,23.0,14.0,3.6106000000000003,34.68,0.0,38.1406
18:46:40,37.0,23,23.0,14.0,3.6106000000000003,34.83,0.0,38.2906
18:46:40,37.0,23,23.0,14.0,3.6106000000000003,34.98,0.0,38.440599999999996
18:46:40,37.0,23,23.0,14.0,3.6106000000000003,35.13,0.0,38.590599999999995
18:46:40,37.0,23,23.0,14.0,3.6106000000000003,35.28,0.0,38.7406
18:46:40,37.0,23,23.0,14.0,3.6106000000000003,35.43,0.0,38.8906
18:46:40,37.0,23,23.0,14.0,3.6106000000000003,35.58,0.0,39.0406
18:46:40,37.0,23,23.0,14.0,3.6106000000000003,35.73,0.0,39.190599999999996
18:46:40,37.0,23,23.0,14.0,3.6106000000000003,35.88,0.0,39.340599999999995
18:46:40,37.0,23,23.0,14.0,3.6106000000000003,36.03,0.0,39.4906
18:46:40,37.0,23,23.0,14.0,3.6106000000000003,36.18,0.0,39.6406
18:46:40,37.0,23,23.0,14.0,3.6106000000000003,36.33,0.0,39.7906
18:46:40,37.0,23,23.0,14.0,3.6106000000000003,36.48,0.0,39.940599999999996
18:46:40,37.0,23,23.0,14.0,3.6106000000000003,36.63,0.0,40.090599999999995
18:46:40,37.0,23,23.0,14.0,3.6106000000000003,36.78,0.0,40.2406
18:46:40,37.0,23,23.0,14.0,3.6106000000000003,36.93,0.0,40.3906
18:46:40,37.0,23,23.0,14.0,3.6106000000000003,37.08,0.0,40.5406
18:46:40,37.0,23,23.0,14.0,3.6106000000000003,37.23,0.0,40.690599999999996
18:46:40,37.0,23,23.0,14.0,3.6106000000000003,37.38,0.0,40.840599999999995
18:46:40,37.0,23,23.0,14.0,3.6106000000000003,37.53,0.0,40.9906
18:46:40,37.0,23,23.0,14.0,3.6106000000000003,37.68,0.0,41.1406
18:46:40,37.0,23,23.0,14.0,3.6106000000000003,37.83,0.0,41.2906
18:46:40,37.0,23,23.0,14.0,3.6106000000000003,37.98,0.0,41.440599999999996
18:46:40,37.0,23,23.0,14.0,3.6106000000000003,38.13,0.0,41.590599999999995
18:46:40,37.0,23,23.0,14.0,3.6106000000000003,38.28,0.0,41.7406
18:46:40,37.0,23,23.0,14.0,3.6106000000000003,38.43,0.0,41.8906
18:46:40,37.0,23,23.0,14.0,3.6106000000000003,38.58,0.0,42.0406
18:46:40,37.0,23,23.0,14.0,3.6106000000000003,38.73,0.0,42.190599999999996
18:46:40,37.0,23,23.0,14.0,3.6106000000000003,38.88,0.0,42.340599999999995
18:46:40,37.0,23,23.0,14.0,3.6106000000000003,39.03,0.0,42.4906
18:46:40,37.0,23,23.0,14.0,3.6106000000000003,39.18,0.0,42.6406
18:46:40,37.0,23,23.0,14.0,3.6106000000000003,39.33,0.0,42.7906
18:46:40,37.0,23,23.0,14.0,3.6106000000000003,39.48,0.0,42.940599999999996
18:46:40,37.0,23,23.0,14.0,3.6106000000000003,39.63,0.0,43.090599999999995
18:46:40,37.0,23,23.0,14.0,3.6106000000000003,39.78,0.0,43.2406
18:46:40,37.0,23,23.0,14.0,3.6106000000000003,39.93,0.0,43.3906
18:46:40,37.0,23,23.0,14.0,3.6106000000000003,40.21,0.0,43.5406
18:28:5,25.0,23,23.0,2.0,0.0,0.0,0.0,0
18:28:5,25.0,23,23.0,2.0,0.0,0.0,0.0,0.0
18:28:5,25.0,23,23.0,2.0,0.0,0.0,0.0,0.0
18:28:5,25.0,23,23.0,2.0,0.0,0.0,0.0,0.0
18:28:5,25.0,23,23.0,2.0,0.0,0.0,0.0,0.0
18:28:5,25.0,23,23.0,2.0,0.0,0.0,0.0,0.0
18:28:5,25.0,23,23.0,2.0,0.0,0.0,0.0,0.0
18:28:5,25.0,23,23.0,2.0,0.0,0.0,0.0,0.0
18:28:5,25.0,23,23.0,2.0,0.0,0.0,0.0,0.0
18:28:5,25.0,23,23.0,2.0,0.0,0.0,0.0,0.0
18:28:5,25.0,23,23.0,2.0,0.0,0.0,0.0,0.0
18:28:5,25.0,23,23.0,2.0,0.0,0.0,0.0,0.0
18:28:5,25.0,23,23.0,2.0,0.0,0.0,0.0,0.0
18:28:5,25.0,23,23.0,2.0,0.0,0.0,0.0,0.0
18:28:5,25.0,23,23.0,2.0,0.0,0.0,0.0,0.0
18:28:5,25.0,23,23.0,2.0,0.0,0.0,0.0,0.0
18:28:5,25.0,23,23.0,2.0,0.0,0.0,0.0,0.0
18:28:5,25.0,23,23.0,2.0,0.0,0.0,0.0,0.0
18:28:5,25.0,23,23.0,2.0,0.0,0.0,0.0,0.0
18:28:5,25.0,23,23.0,2.0,0.0,0.0,0.0,0.0
18:28:5,25.0,23,23.0,2.0,0.0,0.0,0.0,0.0
18:28:5,25.0,23,23.0,2.0,0.0,0.0,0.0,0.0
18:28:5,25.0,23,23.0,2.0,0.0,0.0,0.0,0.0
18:28:5,25.0,23,23.0,2.0,0.0,0.0,0.0,0.0
18:28:5,25.0,23,23.0,2.0,0.0,0.0,0.0,0.0
18:28:5,25.0,23,23.0,2.0,0.0,0.0,0.0,0.0
18:28:5,25.0,23,23.0,2.0,0.0,0.0,0.0,0.0
18:28:5,25.0,23,23.0,2.0,0.0,0.0,0.0,0.0
18:28:5,25.0,23,23.0,2.0,0.0,0.0,0.0,0.0
18:28:5,25.0,23,23.0,2.0,0.0,0.0,0.0,0.0
18:28:5,25.0,23,23.0,2.0,0.0,0.0,0.0,0.0
18:28:5,25.0,23,23.0,2.0,0.0,0.0,0.0,0.0
18:28:5,25.0,23,23.0,2.0,0.0,0.0,0.0,0.0
18:28:5,25.0,23,23.0,2.0,0.0,0.0,0.0,0.0
18:28:5,25.0,23,23.0,2.0,0.0,0.0,0.0,0.0
18:28:5,25.0,23,23.0,2.0,0.0,0.0,0.0,0.0
18:28:5,25.0,23,23.0,2.0,0.0,0.0,0.0,0.0
18:28:5,25.0,23,23.0,2.0,0.0,0.0,0.0,0.0
18:28:5,25.0,23,23.0,2.0,0.0,0.0,0.0,0.0
18:28:5,25.0,23,23.0,2.0,0.0,0.0,0.0,0.0
18:28:5,25.0,23,23.0,2.0,0.0,0.0,0.0,0.0
18:28:5,25.0,23,23.0,2.0,0.0,0.0,0.0,0.0
18:28:5,25.0,23,23.0,2.0,0.0,0.0,0.0,0.0
18:28:5,25.0,23,23.0,2.0,0.0,0.0,0.0,0.0
18:28:5,25.0,23,23.0,2.0,0.0,0.0,0.0,0.0
15:11:26,35.0,23,23.0,12.0,1.3632,0.0,0.0,0
15:11:26,35.0,23,23.0,12.0,3.018,34.3,0.0,37.138
15:18:0,25.0,23,23.0,2.0,0.0,0.0,0.0,0
15:18:30,25.0,23,23.0,2.0,0.0,0.0,0.0,0
15:18:52,25.0,23,23.0,2.0,0.0,0.0,0.0,0
15:18:52,25.0,23,23.0,2.0,0.0,0.0,0.0,0.0
15:18:52,25.0,23,23.0,2.0,0.0,0.0,0.0,0.0
15:18:52,25.0,23,23.0,2.0,0.0,0.0,0.0,0.0
15:18:52,25.0,23,23.0,2.0,0.0,0.0,0.0,0.0
15:18:52,25.0,13.22,12.717397481268051,12.282602518731949,0.0,0.0,-0.0,0.0
15:18:52,25.0,10.87,9.956622946052534,15.043377053947466,0.0,0.0,-0.0,0.0
16:37:25,40.0,10.05,15.643497958828732,24.356502041171268,7.30695061235138,0.49,0.0,0
16:37:25,40.0,11.74,11.1394670119668,28.8605329880332,8.658159896409959,92.74,-0.0,100
16:40:35,40.0,11.33,12.41374647570604,27.58625352429396,8.275876057288187,0.56,0.04,0
16:40:35,40.0,8.21,9.210315863404418,30.789684136595582,9.236905240978674,91.68,0.03,100
16:40:35,40.0,12.96,11.286316555971949,28.71368344402805,8.614105033208414,92.24,-0.06,100
16:40:35,40.0,8.29,10.523492808615625,29.476507191384375,8.842952157415311,92.24,0.07,100
16:40:35,40.0,10.85,9.52810897123604,30.47189102876396,9.141567308629188,92.24,-0.04,100
16:40:35,40.0,10.27,9.56090684052164,30.43909315947836,9.131727947843508,92.24,-0.02,100
16:40:35,40.0,8.88,9.201932728501749,30.79806727149825,9.239420181449475,92.24,0.01,100
16:40:35,40.0,10.44,9.30022589276967,30.69977410723033,9.209932232169098,92.24,-0.04,100
16:44:27,40.0,13.72,9.45191066576546,30.54808933423454,0.0,0.0,-0.0,0
16:44:27,40.0,16.33,11.513130440948162,28.48686955905184,7.127414763674771,93.51,-0.15,100
16:45:57,40.0,10.0,10.481218133719883,29.518781866280115,8.855634559884034,0.59,0.0,0
16:45:57,40.0,8.87,9.268827620092214,30.731172379907786,9.219351713972335,91.52,0.0,100
16:47:31,40.0,9.18,11.283150796607496,28.716849203392506,8.61505476101775,0.59,0.0,0
16:47:31,40.0,9.88,8.896981352074912,31.10301864792509,9.330905594377526,90.7,-0.0,100
16:47:31,40.0,10.87,10.591434362813013,29.40856563718699,8.822569691156096,93.29,-0.0,100
16:51:30,40.0,10.9,10.327333640101845,29.672666359898155,8.901799907969446,0.59,-0.0,0
16:51:30,40.0,11.23,11.548856125742708,28.45114387425729,8.535343162277186,92.04,0.0,99.99471462475243
16:51:30,40.0,8.38,10.121747577335391,29.87825242266461,8.963475726799382,92.04,0.0,100
16:51:30,40.0,9.59,11.318422763861369,28.68157723613863,8.604473170841588,92.04,0.0,100
16:51:30,40.0,8.8,9.175099062120157,30.824900937879843,9.247470281363952,92.04,0.0,100
16:51:30,40.0,14.38,10.539846855965848,29.46015314403415,8.838045943210245,92.04,-0.0,100
16:51:30,40.0,8.88,9.85484229694195,30.14515770305805,9.043547310917415,0.6,0.0,0
16:51:30,40.0,9.79,10.84137962510343,29.15862037489657,0.0,36.14,0.0,36.14
16:51:30,40.0,10.67,10.882980325218448,29.117019674781552,0.0,36.14,0.0,36.14
16:51:30,40.0,11.68,10.668735100417992,29.33126489958201,0.0,36.14,-0.0,36.14
16:51:30,40.0,6.91,10.265178231792902,29.734821768207098,0.0,36.14,0.0,36.14
16:51:30,40.0,6.96,8.829878393117978,31.17012160688202,0.0,36.14,0.0,36.14
16:51:30,40.0,12.05,11.077454348484782,28.922545651515218,0.0,36.14,-0.0,36.14
16:51:30,40.0,6.53,10.30568847347563,29.69431152652437,0.0,36.14,0.0,36.14
16:51:30,40.0,7.44,10.126548329996503,29.873451670003497,0.0,36.14,0.0,36.14
16:51:30,40.0,10.54,11.372707787386242,28.62729221261376,0.0,36.14,0.0,36.14
16:51:30,40.0,14.77,10.016113507614735,29.983886492385267,0.0,36.14,-0.0,36.14
16:51:30,40.0,11.96,11.367484061532231,28.63251593846777,0.0,36.14,-0.0,36.14
16:51:30,40.0,12.01,9.912873577890782,30.08712642210922,0.0,36.14,-0.0,36.14
16:51:30,40.0,13.67,9.970678895253377,30.02932110474662,0.0,36.14,-0.0,36.14
16:51:30,40.0,10.03,10.910779424562875,29.089220575437125,0.0,36.14,0.0,36.14
16:51:30,40.0,12.28,10.834474583258181,29.16552541674182,0.0,36.14,-0.0,36.14
16:51:30,40.0,6.1,11.683575345569784,28.316424654430215,0.0,36.14,0.0,36.14
16:51:30,40.0,9.82,9.508187933092358,30.49181206690764,0.0,36.14,-0.0,36.14
16:51:30,40.0,9.55,9.959257990773432,30.04074200922657,0.0,36.14,0.0,36.14
17:13:7,37.0,10.22,9.253677356383706,27.746322643616296,4.780691391495088,0.26,-0.0,0
17:13:7,37.0,18.83,18.48716885055809,18.51283114944191,3.1897608070488417,32.14,-0.0,35.15632411894316
17:13:7,37.0,22.68,22.487967539544996,14.512032460455004,2.500423192936397,55.56,-0.0,57.92409954770711
17:13:7,37.0,25.59,25.4210955359005,11.578904464099502,1.9950452391643443,74.19,-0.0,76.07827882129371
17:13:7,37.0,28.48,28.29755576699554,8.70244423300446,1.4994311413466686,88.74,-0.0,90.16292393482964
17:13:7,37.0,31.23,31.093654129627126,5.906345870372874,1.0176633934652464,99.03,-0.0,100
17:13:7,37.0,33.88,33.7538074977027,3.2461925022972977,0.5593189681458244,99.44,-0.0,100
17:13:7,37.0,36.18,36.03836893073351,0.9616310692664882,0.16568903323461592,99.84,-0.0,99.99840048137179
17:13:7,37.0,38.05,37.93771817215887,-0.937718172158867,-0.16156884106297278,99.59,-0.0,99.44058073215224
17:18:22,37.0,12.97,11.139992702692755,25.860007297307245,3.06958286619037,0.12,-0.0,0
17:19:24,37.0,27.1,26.90820927728068,10.09179072271932,2.2413867195159614,0.1,-0.0,0
17:19:24,37.0,29.06,28.98868132956981,8.011318670430189,1.7793138767025451,14.24,-0.0,15.941073863002828
17:19:24,37.0,30.24,30.191632511051374,6.808367488948626,1.51213841929549,25.78,-0.0,27.223332021439436
17:19:24,37.0,31.27,31.201970090286157,5.7980299097138435,1.2877424429474447,35.7,-0.0,36.92942126994161
17:19:24,37.0,32.27,32.19404030107503,4.805959698924973,1.0674036491312364,44.13,-0.0,45.14927816570137
17:19:24,37.0,33.23,33.13607741989683,3.8639225801031714,0.8581772050409144,50.99,-0.0,51.81049500560102
17:19:24,37.0,34.23,34.14005009326774,2.859949906732261,0.6351948742852352,56.32,-0.0,56.9274146380947
17:19:24,37.0,35.2,35.129685641643945,1.8703143583560546,0.41539681899087977,60.06,-0.0,60.457132021100975
17:19:24,37.0,35.54,35.47762762343168,1.5223723765683204,0.33811890483582396,62.71,-0.0,63.02965811648425
17:19:24,37.0,36.46,36.37339992785089,0.6266000721491096,0.13916787602431727,64.34,-0.0,64.47130497336035
17:19:24,37.0,37.37,37.31555273985287,-0.315552739852869,-0.07008426352132222,64.53,-0.0,64.4612593738652
17:19:24,37.0,38.39,38.30018438348446,-1.3001843834844635,-0.28877095157189936,63.3,-0.0,63.02344549825345
17:19:24,37.0,39.03,39.00329579139201,-2.003295791392013,-0.44493199526816607,60.53,-0.0,60.10572700525759
17:19:24,37.0,39.55,39.4979167510515,-2.4979167510514984,-0.5547873104085378,57.17,-0.0,56.64649798843496
17:19:24,37.0,39.92,39.90112196246827,-2.9011219624682667,-0.6443391878642021,52.61,-0.0,51.99612668015089
17:19:24,37.0,40.07,40.06961064979216,-3.0696106497921605,-0.6817605253188389,48.05,-0.0,47.39824908297906
17:19:24,37.0,39.96,39.97210092939772,-2.972100929397719,-0.6601036164192334,43.49,0.0,42.85959775953419
17:19:24,37.0,39.81,39.82496160047377,-2.8249616004737703,-0.6274239714652244,38.93,0.0,38.33220680948308
17:19:24,37.0,-0.42,-0.37785159781670624,37.37785159781671,8.301620839875092,0.39,0.0,0
17:19:24,37.0,-0.41,-0.40942177367952204,37.40942177367952,8.308632575934222,59.66,0.0,67.57861830659358
17:19:24,37.0,-0.36,-0.33766857673334655,37.33766857673335,8.292696190892478,92.03,0.0,100
17:19:24,37.0,0.71,0.6218567060856699,36.37814329391433,8.079585625578373,92.03,-0.0,100
17:19:24,37.0,13.53,12.884023797106435,24.115976202893563,5.356158314662661,94.81,-0.0,100
17:19:24,37.0,21.66,21.363759228901547,15.636240771098453,3.4728090752609666,96.62,-0.0,100
17:19:24,37.0,26.74,26.537933676362282,10.462066323637718,2.3236249304799372,97.69,-0.0,100
17:19:24,37.0,30.05,29.878530810729437,7.121469189270563,1.5816783069369922,98.42,-0.0,100
17:19:24,37.0,32.38,32.27960011867428,4.720399881325719,1.0484008136424423,98.97,-0.0,100
17:19:24,37.0,34.23,34.14026094871248,2.8597390512875194,0.6351480432909581,99.39,-0.0,100
17:19:24,37.0,35.77,35.71562450748858,1.2843754925114226,0.285259796886787,99.72,-0.0,100
17:19:24,37.0,37.05,36.983891791615726,0.016108208384274292,0.0035776330821473204,99.9,-0.0,99.90520903675795
17:19:24,37.0,38.1,38.058261715411476,-1.0582617154114757,-0.23503992699288878,99.03,-0.0,98.80599008111902
17:19:24,37.0,39.26,39.21535647572782,-2.2153564757278232,-0.49203067325914956,96.49,-0.0,96.01907102971207
17:19:24,37.0,40.03,39.9830176728246,-2.9830176728246016,-0.6625282251343441,92.3,-0.0,91.66863119429517
17:19:24,37.0,40.53,40.51962427549772,-3.519624275497719,-0.7817085515880435,87.16,-0.0,86.41854749823551
17:19:24,37.0,40.88,40.8793350874206,-3.8793350874206,-0.8616003229161153,81.08,-0.0,80.25841608564876
17:19:24,37.0,41.09,41.07170501430371,-4.07170501430371,-0.9043256836768541,74.98,-0.0,74.1161257959146
17:19:24,37.0,41.11,41.11448264831793,-4.1144826483179315,-0.9138265961914127,68.9,0.0,68.02606278200953
17:19:24,37.0,41.0,41.00064299905928,-4.000642999059281,-0.8885428100910663,62.8,0.0,61.95144132212104
17:19:24,37.0,40.76,40.77694614992998,-3.7769461499299766,-0.8388597398994478,56.72,0.0,55.92072206677839
17:19:24,37.0,40.42,40.424294261899284,-3.424294261899284,-0.760535755567831,50.64,0.0,49.9193582715913
17:19:24,37.0,39.96,39.98796822519351,-2.9879682251935122,-0.6636277428154791,45.85,0.0,45.21568206353836
17:19:24,37.0,39.45,39.447584052174186,-2.447584052174186,-0.5436084179878867,41.29,-0.0,40.776451202235684
17:19:24,37.0,38.83,38.896775035522765,-1.896775035522765,-0.42127373538960616,38.11,0.0,37.707078405122665
17:19:24,37.0,38.34,38.35185196166361,-1.3518519616636127,-0.3002463206854884,35.34,0.0,35.04946119923835
17:19:24,37.0,37.76,37.78039262778143,-0.7803926277814313,-0.1733252026302559,33.82,0.0,33.65617155263305
17:19:24,37.0,37.24,37.2918918363042,-0.29189183630420246,-0.06482917684316337,32.86,0.0,32.79389024795204
17:19:24,37.0,36.75,36.817997723817236,0.18200227618276443,0.040422705540191985,32.86,0.0,32.89874467282244
17:19:24,37.0,36.38,36.40480005824274,0.595199941757258,0.13219390706428702,33.33,0.0,33.4515818967381
17:19:24,37.0,36.03,36.07020031801322,0.9297996819867791,0.20650850936926365,34.85,0.0,35.04551645485474
17:19:24,37.0,35.73,35.780115413432284,1.2198845865677157,0.2709363666766897,36.37,0.0,36.62969962964077
17:19:24,37.0,35.45,35.454797029891814,1.5452029701081855,0.34318957966102803,38.37,0.0,38.69307119962337
17:19:24,37.0,35.24,35.25496696864031,1.7450330313596893,0.38757183626498704,41.41,0.0,41.77720248473887
17:48:56,37.0,34.76,33.450676655960024,3.5493233440399763,0.6977969694382593,0.03,-0.01,0
17:48:56,37.0,17.04,17.33816275577339,19.66183724422661,5.823836191739923,26.9,0.0,32.33402332415547
17:50:19,38.0,28.42,28.109710490221055,9.890289509778945,2.1333354472593187,0.07,-0.0,0
17:50:19,38.0,30.79,30.71596899699475,7.28403100300525,1.5711654873482324,8.61,-0.0,10.132939763720259
17:50:19,38.0,31.26,31.208002736187865,6.791997263812135,1.4650338098042777,16.16,-0.0,17.57628001089364
17:50:19,38.0,31.44,31.431874945176094,6.568125054823906,1.4167445743255165,23.63,-0.0,24.996939304806126
17:50:19,38.0,31.64,31.625866911424858,6.374133088575142,1.3749005072056582,29.98,-0.0,31.31523923022851
17:50:19,38.0,31.9,31.918901379559188,6.081098620440812,1.3116929724290833,35.98,0.0,37.25123996936564
17:50:19,38.0,32.33,32.3154697550399,5.684530244960101,1.2261531738378937,42.02,-0.0,43.206501415375435
17:50:19,38.0,32.86,32.81296541713144,5.187034582868563,1.1188433595247491,48.02,-0.0,49.09997062169416
17:50:19,38.0,33.37,33.35324818898145,4.646751811018547,1.0023043656367006,52.72,-0.0,53.69270585070744
17:50:19,38.0,34.05,34.007792422165124,3.9922075778348756,0.8611191745389827,57.22,-0.0,58.05213074948776
17:50:19,38.0,34.81,34.751152291716636,3.248847708283364,0.7007764506767217,60.98,-0.0,61.66218683408525
17:50:19,38.0,35.66,35.59056332488433,2.4094366751156713,0.5197154908224503,63.98,-0.0,64.48137965646939
17:50:19,38.0,36.49,36.44745371004705,1.55254628995295,0.33488423474285134,65.88,-0.0,66.20590392749206
17:50:19,38.0,37.23,37.21555037608821,0.7844496239117902,0.16920578387777316,67.38,-0.0,67.53955209319753
17:50:19,38.0,37.87,37.831468210600406,0.16853178939959435,0.0363523069734925,67.56,-0.0,67.59727578552611
17:50:19,38.0,38.49,38.47928022209488,-0.47928022209487864,-0.10338074390586532,67.56,-0.0,67.45687617343793
17:50:19,38.0,39.09,39.02671502927893,-1.0267150292789324,-0.22146243181546574,66.77,-0.0,66.56005429798282
17:50:19,38.0,39.36,39.471286836763035,-1.471286836763035,-0.3173565706897866,65.27,0.0,64.95997625478913
17:50:19,38.0,39.94,39.92129854744583,-1.9212985474458293,-0.4144240966840654,63.76,-0.0,63.35602411479549
17:50:19,38.0,40.29,40.25052575971703,-2.2505257597170285,-0.4854384063709631,61.92,-0.0,61.455507659587816
17:50:19,38.0,40.46,40.47027304111427,-2.470273041114268,-0.5328378949683477,58.9,0.0,58.386915894479614
17:50:19,38.0,40.67,40.68559913751978,-2.6855991375197803,-0.5792837339630166,55.9,0.0,55.34034240670776
17:50:19,38.0,40.62,40.626153388145475,-2.6261533881454753,-0.566461285822979,52.88,0.0,52.33339123797447
17:50:19,38.0,40.43,40.47699335405081,-2.476993354050812,-0.5342874664687601,49.88,0.0,49.364586259479154
17:50:19,38.0,40.32,40.33958884990362,-2.3395888499036204,-0.504649314924211,46.86,0.0,46.37488120563977
17:50:19,38.0,40.07,40.09035246766885,-2.0903524676688505,-0.4508890272761711,44.1,0.0,43.65862319191537
17:50:19,38.0,39.92,39.9141602875836,-1.9141602875835986,-0.41288437403178224,42.59,-0.0,42.18725558440913
17:50:19,38.0,39.63,39.66605930977613,-1.6660593097761307,-0.3593689931187114,41.09,0.0,40.739766785423654
17:50:19,38.0,39.45,39.43094136267687,-1.4309413626768688,-0.3086540519294006,39.58,-0.0,39.281802720078446
17:50:19,38.0,39.18,39.18270517219535,-1.182705172195348,-0.2551095056425366,38.08,0.0,37.834825660397186
17:50:19,38.0,38.82,38.85090909477654,-0.8509090947765401,-0.1835410917432997,36.57,0.0,36.395718120285224
17:50:19,38.0,38.58,38.60947842789098,-0.6094784278909771,-0.13146449689608375,35.51,0.0,35.377829003448795
17:50:19,38.0,38.34,38.34424016773599,-0.34424016773598964,-0.07425260418065296,35.51,0.0,35.435645773132606
17:50:19,38.0,38.11,38.123456546325855,-0.12345654632585479,-0.026629577042486877,35.51,0.0,35.48304791439723
17:50:19,38.0,37.95,37.93570244441552,0.06429755558448136,0.013868982739572629,35.51,-0.0,35.524211647488414
17:50:19,38.0,37.7,37.73860175007377,0.2613982499262306,0.05638360250908794,35.51,0.0,35.56545844723232
17:50:19,38.0,37.53,37.537286866462466,0.46271313353753385,0.09980722290404605,35.51,0.0,35.60963258100449
17:50:19,38.0,37.39,37.37923977951768,0.6207602204823175,0.1338979795580359,35.51,-0.0,35.644155866175595
17:50:19,38.0,37.19,37.21873126943395,0.7812687305660475,0.16851966518309644,35.7,0.0,35.85783107242566
17:50:19,38.0,37.08,37.08986909641372,0.9101309035862784,0.19631523590356023,37.2,0.0,37.38607870655951
17:50:19,38.0,37.0,37.02818149276811,0.9718185072318875,0.20962125200991813,38.71,0.0,38.90894583556658
17:50:19,38.0,36.88,36.90384811171689,1.09615188828311,0.23643996230266684,40.21,0.0,40.435868402558526
17:50:19,38.0,36.91,36.89175108661743,1.1082489133825675,0.2390492906166198,41.72,-0.0,41.94948665624069
17:50:19,38.0,36.96,36.97056915288948,1.0294308471105182,0.2220482337217388,43.22,0.0,43.43179492635749
17:50:19,38.0,37.07,37.08315315382258,0.9168468461774211,0.19776386472046972,44.73,0.0,44.91744862746719
17:50:19,38.0,37.28,37.23684569594618,0.7631543040538205,0.16461238338440906,46.23,-0.0,46.3856466482049
17:50:19,38.0,37.41,37.4096312018885,0.5903687981114984,0.12734254975265022,46.67,-0.0,46.797351388614054
17:50:19,37.0,37.56,37.56296146941171,-0.5629614694117109,-0.12143078895210604,46.67,0.0,46.548498234497664
17:50:19,37.0,37.59,37.630279724867584,-0.6302797248675844,-0.13595133665393797,46.67,0.0,46.53308329260674
17:50:19,37.0,37.86,37.82940305901931,-0.8294030590193131,-0.17890223983046583,45.86,-0.0,45.69183106685504
17:50:19,37.0,37.92,37.910927410981365,-0.9109274109813654,-0.19648704254868052,44.35,-0.0,44.16373039716813
17:50:19,37.0,37.92,37.94247040596546,-0.9424704059654587,-0.20329086656674944,42.85,0.0,42.65617059270361
17:50:19,37.0,37.94,37.90694901278812,-0.9069490127881181,-0.1956289020583971,41.34,-0.0,41.15516321993511
17:50:19,37.0,37.85,37.86236621088047,-0.8623662108804666,-0.18601239168691666,39.84,0.0,39.663691231458984
17:50:19,37.0,37.76,37.74758897495866,-0.74758897495866,-0.16125494189858294,38.43,-0.0,38.27904250900157
17:50:19,37.0,37.54,37.54605117175705,-0.5460511717570498,-0.11778323774799564,38.32,0.0,38.20207173583556
17:50:19,37.0,37.42,37.43087208234065,-0.4308720823406489,-0.09293910816087797,38.32,0.0,38.22680032426569
17:50:19,37.0,37.36,37.334982784863705,-0.3349827848637048,-0.07225578669510113,38.32,-0.0,38.248343792561
17:50:19,37.0,37.3,37.30000894440951,-0.3000089444095124,-0.06471192930913183,38.32,0.0,38.255287856323186
17:50:19,37.0,36.41,36.54615017901192,0.4538498209880828,0.09789540638712946,38.32,0.0,38.414632340430146
17:50:19,37.0,35.22,35.245556201819085,1.7544437981809153,0.37843352726762347,39.56,0.0,39.92782103029736
17:50:19,37.0,34.5,34.47981495403183,2.5201850459681694,0.5436039144153342,41.97,-0.0,42.494087682683706
17:50:19,37.0,34.41,34.39139200829552,2.6086079917044813,0.5626767438106566,44.99,-0.0,45.53312271534517
17:50:19,37.0,34.79,34.81570407235293,2.184295927647071,0.4711526315934732,47.93,0.0,48.38053659065941
17:50:19,37.0,35.31,35.26078055261954,1.7392194473804565,0.3751496347999645,49.54,-0.0,49.90632926088885
17:50:19,37.0,35.77,35.71172263244516,1.2882773675548407,0.2778814281815791,51.04,-0.0,51.30927814242398
17:50:19,37.0,36.06,36.0444836758559,0.9555163241440994,0.20610487111788223,52.55,-0.0,52.746476745686536
17:50:19,37.0,36.32,36.262124305772225,0.7378756942277747,0.159159787244931,54.05,-0.0,54.200546874716586
17:50:19,37.0,36.39,36.40559644526721,0.5944035547327928,0.12821284675586342,54.1,0.0,54.22783905195096
17:50:19,37.0,36.53,36.52901647862121,0.4709835213787912,0.10159114556140526,54.1,-0.0,54.201614717290454
17:50:19,37.0,36.84,36.81781524092126,0.1821847590787371,0.039297252533283596,54.1,-0.0,54.139828947259204
17:50:19,37.0,37.02,36.98499802827984,0.015001971720160157,0.003235925300038546,54.1,-0.0,54.104074805888935
17:50:19,37.0,37.22,37.21512034568111,-0.2151203456811075,-0.046401458563414884,54.1,-0.0,54.0537154904851
17:50:19,37.0,37.57,37.57646075582773,-0.5764607558277319,-0.12434258503204178,54.1,0.0,53.97550257218662
17:50:19,37.0,37.92,37.90984851030282,-0.9098485103028224,-0.1962543236723188,53.42,-0.0,53.23398897369742
17:50:19,37.0,38.17,38.139958949580894,-1.139958949580894,-0.24588914542459883,51.92,-0.0,51.68483083841711
17:50:19,37.0,38.37,38.35710276722657,-1.3571027672265714,-0.29272706689077144,50.41,-0.0,50.127582036788034
17:50:19,37.0,38.54,38.50805587011628,-1.50805587011628,-0.3252876511840816,48.91,-0.0,48.5954779431288
17:50:19,37.0,38.46,38.465837697277436,-1.4658376972774363,-0.316181191302743,47.4,0.0,47.093678898552504
17:50:19,37.0,38.57,38.56908759101726,-1.569087591017258,-0.33845219338242255,45.9,-0.0,45.57156967401953
17:50:19,37.0,38.23,38.273653633376775,-1.2736536333767745,-0.27472708871937024,44.39,0.0,44.124226679200696
17:50:19,37.0,38.22,38.2057609446412,-1.2057609446411988,-0.26008263575910656,42.89,-0.0,42.640258626934326
17:50:19,37.0,38.11,38.11677090964012,-1.1167709096401168,-0.2408874852093732,41.38,0.0,41.148950238656255
17:50:19,37.0,37.93,37.98655300443746,-0.9865530044374609,-0.21279948305716032,39.88,0.0,39.67584512993649
17:50:19,37.0,37.76,37.76894617293852,-0.7689461729385201,-0.16586168950283878,38.37,0.0,38.2139239005524
17:50:19,37.0,37.42,37.449889131801314,-0.4498891318013136,-0.09704108572954336,38.07,0.0,37.97224257141162
17:50:19,37.0,37.23,37.27001025703246,-0.2700102570324603,-0.05824121244190168,38.07,0.0,38.010799875064556
17:50:19,37.0,37.19,37.21535763675122,-0.21535763675122155,-0.04645264224723849,38.07,0.0,38.02293961972529
17:50:19,37.0,36.96,36.98330139552713,0.016698604472871637,0.0036018889847984122,38.07,0.0,38.07304343220533
17:50:19,37.0,36.78,36.83785423463743,0.16214576536256686,0.034974841588705674,38.07,0.0,38.10358826843189
17:50:19,37.0,36.83,36.81687089725315,0.18312910274684668,0.03950094746249483,38.07,-0.0,38.10981560829166
17:50:19,37.0,36.83,36.79348130277219,0.20651869722780702,0.04454608299203797,38.07,-0.0,38.1154213144356
17:50:19,37.0,36.68,36.67682368466894,0.32317631533106095,0.06970913121690984,38.07,-0.0,38.13978525690768
17:50:19,37.0,36.64,36.63709279742024,0.3629072025797626,0.0782790835964548,38.07,-0.0,38.14834875955162
17:50:19,37.0,36.55,36.58619518540004,0.4138048145999633,0.08925769850921209,38.07,0.0,38.15839022056579
17:50:19,37.0,36.49,36.49021681943871,0.5097831805612927,0.10996023204707084,38.07,0.0,38.179955035607854
17:50:19,37.0,36.43,36.39422378006248,0.6057762199375176,0.13066593064052257,38.07,-0.0,38.20152336737836
17:50:19,37.0,36.3,36.32901917666419,0.6709808233358103,0.14473056359353428,38.07,0.0,38.214035070659484
17:50:19,37.0,36.26,36.25569335404401,0.7443066459559873,0.16054694353270646,39.38,-0.0,39.53065015948078
17:50:19,37.0,36.14,36.13984388213271,0.860156117867291,0.18553567462397466,40.88,-0.0,41.055539416248855
17:50:19,37.0,36.16,36.18766544861521,0.8123345513847866,0.1752205627336985,42.39,0.0,42.554557514148556
17:50:19,37.0,36.25,36.19810245357009,0.8018975464299132,0.17296930076493228,43.89,-0.0,44.05421311196104
17:50:19,37.0,36.13,36.10377141501887,0.8962285849811309,0.19331650578042994,45.4,-0.0,45.583945117533816
17:50:19,37.0,36.28,36.285351407008,0.714648592991999,0.15414970150837418,46.82,0.0,46.97402144612042
17:50:19,37.0,36.32,36.26960426266019,0.730395737339812,0.15754636054419746,46.96,-0.0,47.10875417838244
17:50:19,37.0,36.13,36.126426609033466,0.8735733909665342,0.18842978043148143,48.2,-0.0,48.378515422701646
17:50:19,37.0,36.14,36.13342527829845,0.8665747217015465,0.18692016747102358,49.71,-0.0,49.88707774163447
17:50:19,37.0,36.39,36.38403693489627,0.6159630651037276,0.13286323314287404,50.69,-0.0,50.823006147936525
17:50:19,37.0,36.81,36.795058530517124,0.2049414694828755,0.044205874967456246,50.69,-0.0,50.73456397218606
17:50:19,37.0,37.12,37.13695921598305,-0.1369592159830475,-0.029542102887543345,50.69,0.0,50.66005144123606
17:50:19,37.0,37.27,37.253337478062356,-0.25333747806235607,-0.05464489401805021,50.69,-0.0,50.63575445109105
17:50:19,37.0,37.53,37.51057222840822,-0.5105722284082219,-0.11013042966765346,50.69,-0.0,50.58033518925816
17:50:19,37.0,37.76,37.75830436566285,-0.7583043656628519,-0.16356625167347716,50.19,-0.0,50.03647438702947
17:50:19,37.0,37.99,37.98997378486435,-0.9899737848643468,-0.2135373453952396,48.69,-0.0,48.48646328289418
17:50:19,37.0,38.11,38.098695915038135,-1.0986959150381352,-0.23698870887372578,47.18,-0.0,46.953282212362524
19:4:16,37.0,20.7,20.000257199999997,16.999742800000003,1.3242799641200003,0.05,-0.01,0
19:4:46,37.0,27.49,27.505278478988487,9.494721521011513,1.975851548522496,4.8,0.0,6.7454982761361055
19:5:16,37.0,27.48,27.474642723709522,9.525357276290478,1.9822268491960486,9.36,-0.0,11.312350721328944
19:5:46,37.0,27.48,27.479352340704594,9.520647659295406,1.981246777899374,13.89,-0.0,15.841261753221527
19:6:16,37.0,27.6,27.60215905056541,9.397840949434588,1.955690701577338,18.39,0.0,20.315640779530373
19:6:46,37.0,27.83,27.821686155865887,9.178313844134113,1.910007110964309,22.87,-0.0,24.7501993455159
19:7:17,37.0,28.06,28.058652642668505,8.941347357331495,1.860694385060684,26.33,-0.0,28.170725538956315
19:7:47,37.0,28.41,28.398808963838626,8.601191036161374,1.789907854625182,29.35,-0.0,31.120166616250202
19:8:17,37.0,28.75,28.741730488007757,8.258269511992243,1.7185458854455857,32.35,-0.0,34.04873709493954
19:8:47,37.0,29.13,29.123040118956034,7.876959881043966,1.6391953512452493,35.37,-0.0,36.98935627916139
19:9:17,37.0,29.57,29.567597630115188,7.432402369884812,1.5466829331730294,38.37,-0.0,39.896738481303366
19:9:47,37.0,30.04,30.047904958368214,6.952095041631786,1.4467309781635747,41.39,0.0,42.81654819795953
19:10:17,37.0,30.53,30.529058051078955,6.470941948921045,1.3466030195704695,44.39,-0.0,45.71662479952274
19:10:47,37.0,31.17,31.133051705027007,5.8669482949729925,1.2209119401838797,47.41,-0.0,48.61176626687098
19:11:17,37.0,31.78,31.76623962352427,5.233760376475729,1.0891455343445993,49.86,-0.0,50.93946370482733
19:11:47,37.0,32.44,32.398687075353834,4.601312924646166,0.9575332196188672,51.37,-0.0,52.31848846624318
19:12:17,37.0,33.11,33.034347914300156,3.965652085699844,0.8252521990341376,52.87,-0.0,53.687001443371265
19:12:47,37.0,33.78,33.719826727029954,3.280173272970046,0.6826040581050666,54.38,-0.0,55.05399539789452
19:13:17,37.0,34.44,34.36867629340581,2.6313237065941877,0.5475784633422505,55.88,-0.0,56.41922762593583
19:13:47,37.0,34.97,34.933463559995566,2.066536440004434,0.43004623316492274,57.39,-0.0,57.81089103684992
19:14:17,37.0,35.56,35.526138271213775,1.4738617287862255,0.3067106257604135,58.05,-0.0,58.357493584178236
19:14:48,37.0,36.09,36.038994592691616,0.9610054073083845,0.1999852252608748,58.05,-0.0,58.25116458362319
19:15:18,37.0,36.6,36.560694325431385,0.43930567456861525,0.09141951087772883,58.05,-0.0,58.1423283454197
19:15:48,37.0,37.02,36.98069966811555,0.019300331884451793,0.004016399065154419,58.05,-0.0,58.05492511007239
19:16:18,37.0,37.44,37.436400168009584,-0.4364001680095839,-0.09081487496279442,58.05,-0.0,57.959268361152446
19:16:48,37.0,37.76,37.75141934087001,-0.7514193408700081,-0.15637036483504868,58.05,-0.0,57.89382803907216
19:17:18,37.0,38.1,38.06723145627603,-1.0672314562760334,-0.22209086605104256,58.05,-0.0,57.82866681549884
19:17:48,37.0,38.34,38.32700924058477,-1.327009240584772,-0.27615062296569104,58.05,-0.0,57.77414975226034
19:18:18,37.0,38.63,38.57033813703891,-1.5703381370389096,-0.3267873663177971,58.05,-0.0,57.72459214853578
19:18:48,37.0,38.8,38.78730499568448,-1.7873049956844795,-0.3719381696019402,58.04,-0.0,57.66835536710895
19:19:18,37.0,39.0,38.99436344105341,-1.9943634410534088,-0.4150270320832144,56.77,-0.0,56.365103297685316
19:19:48,37.0,39.32,39.2791634073382,-2.2791634073382028,-0.47429390506708,55.26,-0.0,54.79665032770325
19:20:18,37.0,39.41,39.397540708615,-2.397540708614997,-0.49892822146278093,53.76,-0.0,53.271359865041354
19:20:48,37.0,39.49,39.469113963577115,-2.469113963577115,-0.5138226158203977,52.25,-0.0,51.74666031575511
19:21:18,37.0,39.48,39.46063490676343,-2.460634906763431,-0.5120581240974701,50.75,-0.0,50.2483896398917
19:21:49,37.0,39.43,39.44697760384707,-2.446977603847067,-0.5092160393605747,49.24,0.0,48.74039140071047
19:22:19,37.0,39.26,39.26196826299946,-2.26196826299946,-0.47071559553018766,47.74,0.0,47.27923889385535
19:22:49,37.0,39.21,39.184456761744265,-2.184456761744265,-0.45458545211898155,46.23,-0.0,45.78600516431224
19:23:19,37.0,39.04,39.05718028386672,-2.057180283866721,-0.4280992170726647,44.73,0.0,44.31150353658593
19:23:49,37.0,38.86,38.836661686098765,-1.8366616860987648,-0.382209296877153,43.23,-0.0,42.858330336803164
19:24:19,37.0,38.67,38.662468683997496,-1.6624686839974956,-0.3459597331398788,42.94,-0.0,42.59421440762235
19:24:49,37.0,38.57,38.56728384800205,-1.5672838480020488,-0.32615176876922636,42.94,-0.0,42.613911034700855
19:25:19,37.0,38.34,38.331415462490384,-1.3314154624903836,-0.27706755774424885,42.94,-0.0,42.663130935839725
19:25:49,37.0,38.12,38.14357363086467,-1.1435736308646725,-0.23797767258293834,42.94,0.0,42.70147725268562
19:26:19,37.0,37.88,37.89412969381921,-0.8941296938192096,-0.18606838928377753,42.94,0.0,42.7536049007958
19:26:49,37.0,37.86,37.860305889259024,-0.8603058892590241,-0.1790296555548029,42.94,0.0,42.760963271605775
19:27:19,37.0,37.7,37.72718713701899,-0.7271871370189871,-0.15132764321365122,42.94,0.0,42.788043729762606
19:27:49,37.0,37.76,37.73213444233905,-0.7321344423390528,-0.1523571774507569,42.94,-0.0,42.78828713616582
19:28:19,37.0,37.65,37.64849687224337,-0.6484968722433706,-0.13495219911384543,42.94,-0.0,42.80508255654017
19:28:50,37.0,37.72,37.69206753515869,-0.6920675351586922,-0.14401925406652386,42.94,-0.0,42.796626606592746
19:29:20,37.0,37.64,37.63615839402006,-0.6361583940200575,-0.13238456179557395,42.94,-0.0,42.807704264671585
19:29:50,37.0,37.56,37.54919664424822,-0.5491966442482195,-0.11428782166805447,42.94,-0.0,42.82596197592438
19:30:20,37.0,37.3,37.31965431525723,-0.31965431525723176,-0.06652006300502993,42.94,0.0,42.87302548554997
19:30:50,37.0,37.18,37.178472279079095,-0.17847227907909513,-0.0371400812763597,42.94,-0.0,42.902895243026265
19:31:20,37.0,37.18,37.180117230406445,-0.18011723040644512,-0.03748239564758123,42.94,0.0,42.902514893724906
19:31:50,37.0,37.1,37.10386091276057,-0.10386091276056675,-0.021613455945473942,42.94,0.0,42.918297271171696
19:32:20,37.0,37.04,37.040614065942904,-0.040614065942904176,-0.008451787122718359,42.94,0.0,42.93153401430809
19:32:50,37.0,37.13,37.08314220667849,-0.08314220667848815,-0.017301893209793386,42.94,-0.0,42.92378156310023
19:33:20,37.0,37.07,37.09208920360095,-0.09208920360094908,-0.019163763269357502,42.94,0.0,42.92032548525627
19:33:50,37.0,36.96,36.99322686650264,0.006773133497361528,0.001409489080800934,42.94,0.0,42.94064121008977
19:34:20,37.0,36.97,36.99240015300366,0.007599846996342308,0.0015815281599388343,42.94,0.0,42.94106358684437
19:34:50,37.0,36.87,36.881715377061155,0.11828462293884456,0.024615030033573553,42.94,0.0,42.96434414448174
19:35:20,37.0,36.72,36.72160007663185,0.27839992336814845,0.0579350240529117,42.94,0.0,42.99789802672545
19:35:51,37.0,36.72,36.73041973172907,0.2695802682709285,0.056099653827180226,42.94,0.0,42.995858726474644
19:36:21,37.0,36.8,36.793168140826886,0.2068318591731142,0.04304170989392506,42.94,-0.0,42.98319967765991
19:36:51,37.0,36.84,36.85147093523556,0.14852906476443906,0.03090889837747977,42.94,0.0,42.970643664863864
19:37:21,37.0,36.87,36.879633266723445,0.12036673327655478,0.025048317194851052,42.94,0.0,42.96482557466094
19:37:51,37.0,36.94,36.92719104971786,0.07280895028213763,0.015151542553712842,42.94,-0.0,42.955447713948566
19:38:21,37.0,37.04,37.03363842785449,-0.033638427854491226,-0.007000156836519625,42.94,-0.0,42.93314693684831
19:38:51,37.0,37.07,37.09055779280259,-0.09055779280259202,-0.0188450766822194,42.94,0.0,42.9206795814642
19:39:21,37.0,37.18,37.166836603731994,-0.16683660373199416,-0.03471869723662799,42.94,-0.0,42.90558566973708
19:39:51,37.0,37.01,37.05477675864935,-0.054776758649353496,-0.011399043474930462,42.94,0.0,42.927565618361186
19:40:21,37.0,36.88,36.89199445991998,0.10800554008002194,0.022475952890652566,42.94,0.0,42.96219861432294
19:40:51,37.0,36.95,36.95774395145197,0.04225604854803322,0.008793483702845713,42.94,0.0,42.94861442633649
19:41:21,37.0,36.99,37.0050584353642,-0.005058435364198033,-0.0010526603992896107,42.94,0.0,42.9385991551119
19:41:51,37.0,36.97,36.98430999499871,0.015690005001289364,0.0032650900407683167,42.94,0.0,42.942934211156405
19:42:21,37.0,37.01,36.980492224243314,0.019507775756686385,0.004059568134966437,42.94,-0.0,42.94474185348329
19:42:52,37.0,37.18,37.17001945646634,-0.17001945646634198,-0.035381048890645764,42.94,-0.0,42.90484972345484
19:43:22,37.0,37.18,37.18596766393507,-0.1859676639350667,-0.03869987086488738,42.94,0.0,42.901162143483454
19:43:52,37.0,37.27,37.25982094520409,-0.2598209452040905,-0.054068738696971236,42.94,-0.0,42.88616662367003
19:44:22,37.0,37.17,37.15488453086303,-0.1548845308630291,-0.03223147087259636,42.94,-0.0,42.90811803236378
19:44:52,37.0,37.07,37.06656469840327,-0.06656469840326906,-0.013852113737720292,42.94,-0.0,42.926227318069195
19:57:20,37.0,28.0,26.49199697818315,10.508003021816851,1.488984028191448,0.09,-0.01,0
19:57:50,37.0,27.94,27.95036368396887,9.04963631603113,1.2823334659816112,10.97,0.0,12.182170295535125
19:58:20,37.0,28.0,27.951400854779536,9.048599145220464,1.28218649887774,21.54,-0.0,22.75295166541971
6:58:7,37.0,19.64,19.655027476496304,17.344972523503696,2.988538765799687,0.11,0.0,0
6:58:37,37.0,19.75,19.758447744729175,17.241552255270825,2.9707194535831634,16.72,0.0,19.580557726203516
6:59:7,37.0,20.29,20.22501271699066,16.77498728300934,2.89033030886251,32.81,-0.0,35.60157445429168
6:59:37,37.0,21.18,21.107860856912424,15.892139143087576,2.7382155743539895,47.83,-0.0,50.4695966381711
7:0:8,37.0,22.66,22.58542127713362,14.41457872286638,2.4836319139498775,62.01,-0.0,64.40505968216654
7:0:38,37.0,24.73,24.537010326154267,12.462989673845733,2.14737312080362,74.56,-0.0,76.63106780089292
7:1:8,37.0,26.95,26.817467384872614,10.182532615127386,1.7544503695864486,85.11,-0.0,86.80698763287383
7:1:38,37.0,29.43,29.29682142250239,7.70317857749761,1.3272576689028384,93.38,-0.0,94.65980729878093
7:2:8,37.0,31.79,31.663970586669713,5.336029413330287,0.9193978679168086,99.08,-0.0,100
7:2:38,37.0,34.27,34.13667689621667,2.8633231037833298,0.4933505707818677,99.52,-0.0,100
7:3:8,37.0,36.24,36.15643195477063,0.8435680452293681,0.14534677419302014,99.86,-0.0,100
7:3:38,37.0,37.94,37.855118882081925,-0.8551188820819249,-0.14733698338271567,99.8,-0.0,99.66428801846365
7:4:8,37.0,39.38,39.35821458000028,-2.358214580000279,-0.40632037213404815,98.3,-0.0,97.90409669762884
7:4:38,37.0,40.63,40.572894814582135,-3.572894814582135,-0.6156097765525018,95.37,-0.0,94.77548347049722
7:5:8,37.0,41.86,41.80438456606452,-4.80438456606452,-0.8277954607329169,91.47,-0.0,90.67326926585231
7:5:38,37.0,42.72,42.66597987077335,-5.665979870773349,-0.976248331734248,86.91,-0.0,85.97478585362862
7:6:8,37.0,43.36,43.306835057235574,-6.306835057235574,-1.0866676803616895,80.93,-0.0,79.88435013293146
7:6:39,37.0,43.86,43.82141372031249,-6.821413720312492,-1.1753295840098423,74.89,-0.0,73.75540912887796
7:7:9,37.0,44.0,43.993991475556875,-6.993991475556875,-1.2050647312384497,68.89,-0.0,67.72505029862396
7:7:39,37.0,44.0,44.001612441828364,-7.001612441828364,-1.206377823727027,62.85,0.0,61.68359130696997
7:8:9,37.0,43.41,43.43904718077067,-6.439047180770672,-1.1094478292467869,56.85,0.0,55.77999607861468
7:8:39,37.0,42.57,42.58385921885586,-5.5838592188558565,-0.9620989434088641,51.02,0.0,50.0876357295457
7:9:9,37.0,41.75,41.81585522527464,-4.815855225274639,-0.8297718553148203,46.52,0.0,45.71896738298353
7:9:39,37.0,41.0,41.048449451687695,-4.048449451687695,-0.6975478405257899,41.99,0.0,41.32152462163801
7:10:9,37.0,40.54,40.58548459281552,-3.5854845928155186,-0.6177789953421139,38.97,0.0,38.371350227397656
7:10:39,37.0,40.11,40.14059509202562,-3.1405950920256203,-0.5411245343560144,35.95,0.0,35.42828973960442
7:11:9,37.0,39.61,39.626098982902455,-2.6260989829024552,-0.45247685475409305,32.95,0.0,32.517214939162116
7:11:39,37.0,38.97,39.03643322815347,-2.03643322815347,-0.3508774452108429,30.87,0.0,30.527850727543505
7:12:9,37.0,38.36,38.409667105231165,-1.409667105231165,-0.24288564223132972,29.37,0.0,29.136163508631853
7:12:39,37.0,37.79,37.84687766470808,-0.8468776647080816,-0.14591702162920245,27.86,0.0,27.722994087078664
7:13:9,37.0,37.18,37.19710112970695,-0.19710112970695093,-0.03396052464850765,27.79,0.0,27.75571208372388
7:13:40,37.0,36.63,36.668480271856566,0.33151972814343367,0.057120849159113626,27.79,0.0,27.846384165732346
7:14:10,37.0,36.13,36.15332004482457,0.846679955175432,0.14588295627672695,27.86,0.0,27.995436506974144
7:14:40,37.0,35.68,35.70527522914442,1.2947247708555807,0.22308107801841656,29.37,0.0,29.58259719779824
7:15:10,37.0,35.34,35.34175839409273,1.6582416059072713,0.28571502869782284,30.87,0.0,31.1456813652198
7:15:40,37.0,34.92,34.97264974933422,2.0273502506657834,0.3493124481897145,32.38,0.0,32.71830449798857
7:16:10,37.0,34.76,34.76083494331287,2.2391650566871277,0.38580813926719215,33.88,0.0,34.25579215474132
7:16:40,37.0,34.54,34.55844190862795,2.441558091372052,0.4206804591434046,35.58,0.0,35.98032739904823
7:17:10,37.0,34.52,34.515194787424306,2.4848052125756936,0.428131938126792,38.5,-0.0,38.90822393125199
7:17:40,37.0,34.58,34.5875131645867,2.412486835413297,0.4156714817417111,41.47,0.0,41.87552764637968
7:18:10,37.0,34.76,34.754311298477475,2.245688701522525,0.38693216327233104,43.18,-0.0,43.55704107030259
7:18:40,37.0,34.98,34.95416156005956,2.0458384399404395,0.35249796320173776,44.69,-0.0,45.032992625779706
7:19:10,37.0,35.23,35.235267515748916,1.764732484251084,0.3040634070364618,46.19,0.0,46.483962563373844
7:19:40,37.0,35.55,35.512570033957644,1.487429966042356,0.25628418314909795,47.7,-0.0,47.94700075905455
7:20:10,37.0,35.87,35.853199989092325,1.1468000109076755,0.1975936418793925,49.2,-0.0,49.38791526875488
7:20:41,37.0,36.34,36.29962658692643,0.7003734130735708,0.12067433907257626,50.36,-0.0,50.4814472656362
7:21:11,37.0,36.72,36.71387618457885,0.2861238154211492,0.04929913339706401,50.36,-0.0,50.40941637044118
7:21:41,37.0,37.15,37.085625927660224,-0.08562592766022448,-0.014753347335856678,50.36,-0.0,50.34647905851571
7:22:11,37.0,37.42,37.43946766728255,-0.4394676672825497,-0.07572027907278332,50.36,0.0,50.28390702325246
7:22:41,37.0,37.87,37.842179681845046,-0.842179681845046,-0.14510755918190144,50.16,-0.0,50.025425045353444
7:23:11,37.0,38.12,38.12781429006645,-1.1278142900664534,-0.19432240217844993,48.66,0.0,48.475527997579505
7:23:41,37.0,38.34,38.334854064285196,-1.3348540642851958,-0.22999535527633924,47.15,-0.0,46.930103160804066
7:24:11,37.0,38.41,38.39954874468767,-1.3995487446876709,-0.2411422487096857,45.65,-0.0,45.41905783476701
7:24:41,37.0,38.37,38.42357098929994,-1.4235709892999395,-0.2452812814563796,44.14,0.0,43.90369313171513
7:25:11,37.0,38.31,38.27130312821288,-1.2713031282128782,-0.21904552899107893,42.64,-0.0,42.431695301121024
7:25:41,37.0,38.2,38.181642189757255,-1.1816421897572553,-0.2035969492951751,41.13,-0.0,40.93675450078314
7:26:11,37.0,37.88,37.92834985245054,-0.9283498524505376,-0.15995467957722764,39.63,0.0,39.47911968935863
7:26:41,37.0,37.67,37.736377838337745,-0.7363778383377451,-0.12687790154559347,38.92,0.0,38.79185133161601
7:27:11,37.0,37.59,37.5545251135133,-0.5545251135133,-0.0955446770583416,38.92,-0.0,38.82513446993518
7:27:41,37.0,37.41,37.410282270745554,-0.41028227074555446,-0.07069163524945904,38.92,0.0,38.84930296083394
7:28:12,37.0,37.3,37.30027747313945,-0.3002774731394524,-0.05173780862192765,38.92,0.0,38.86825687930897
7:28:42,37.0,37.09,37.119744053469574,-0.1197440534695744,-0.020631900412807668,38.92,0.0,38.898798666207995
7:29:12,37.0,36.96,36.96980856479346,0.030191435206539552,0.005201984286086765,38.92,0.0,38.92501420476232
7:29:42,37.0,36.84,36.84995009795714,0.15004990204285917,0.025853598121984636,38.92,0.0,38.94566310902443
7:30:12,37.0,36.76,36.786854408802895,0.21314559119710452,0.03672498536326111,38.92,0.0,38.956210872625846
7:30:42,37.0,36.67,36.72911274634546,0.2708872536545428,0.046673873804677725,38.92,0.0,38.96554219311631
7:31:12,37.0,36.64,36.66555710422165,0.33444289577835207,0.05762451094261006,38.92,0.0,38.97713523438068
7:31:42,37.0,36.49,36.49023022032008,0.509769779679921,0.0878333330388504,38.92,0.0,39.00782892559872
7:32:12,37.0,36.37,36.368531669831874,0.6314683301681256,0.10880199328796805,38.92,-0.0,39.0288301036533
7:32:42,37.0,36.35,36.35524028133086,0.6447597186691425,0.11109209952669326,38.92,0.0,39.030991777251884
7:33:12,37.0,36.37,36.36604316404897,0.6339568359510324,0.10923076283436288,38.92,-0.0,39.029306514260405
7:33:42,37.0,36.31,36.349678132895185,0.6503218671048145,0.11205045770215954,38.92,0.0,39.03129084189129
7:34:12,37.0,36.26,36.260209025618636,0.7397909743813642,0.12746598488590907,38.92,0.0,39.04746198320657
7:34:42,37.0,36.26,36.260006388766634,0.7399936112333663,0.127500899215509,38.92,0.0,39.04750077690612
7:35:12,37.0,36.26,36.259720702216335,0.7402792977836654,0.12755012300812554,38.92,-0.0,39.04755547000903
7:58:13,38.0,23.44,23.435069471048713,14.564930528951287,0.5389024295711977,0.03,-0.0,0
7:58:43,38.0,23.43,23.405680435219963,14.594319564780037,3.0181052859965116,4.62,-0.0,7.6086640955516796
7:59:13,38.0,23.36,23.395232663981375,14.604767336018625,3.020265885088652,9.18,0.0,12.169456316765169
7:59:43,38.0,23.32,23.3200002809258,14.6799997190742,3.0358239419045447,13.68,0.0,16.685823935449495
8:8:6,37.0,22.6,22.604155081544107,14.395844918455893,4.318753475536767,0.05,0.0,0
8:8:36,37.0,22.63,22.627762916719,14.372237083281,4.3116711249843,7.65,-0.0,11.911745694427
8:9:6,37.0,22.86,22.842719657172168,14.157280342827832,4.247184102848349,15.2,-0.0,19.397760114275943
8:9:36,37.0,23.32,23.28112110203835,13.718878897961648,4.1156636693884945,22.7,-0.0,26.766959632653883
8:10:6,37.0,23.87,23.832745478732562,13.167254521267438,3.950176356380231,30.25,-0.0,34.151418173755815
8:10:36,37.0,24.69,24.637986591869343,12.362013408130657,3.708604022439197,37.52,-0.0,41.19033780271022
8:11:6,37.0,25.63,25.590280574458184,11.409719425541816,3.422915827662545,43.57,-0.0,46.95423980851394
8:11:36,37.0,26.74,26.655115254558396,10.344884745441604,3.103465423632481,49.57,-0.0,52.636294915147204
8:12:6,37.0,28.06,27.963243435101546,9.036756564898454,2.711026969469536,54.83,-0.0,57.51425218829948
8:12:36,37.0,29.44,29.36460658260524,7.635393417394759,2.2906180252184276,59.33,-0.0,61.593131139131586
8:13:6,37.0,30.82,30.750928709208075,6.249071290791925,1.8747213872375772,63.12,-0.0,64.97702376359732
8:13:36,37.0,32.27,32.18596915552755,4.814030844472448,1.4442092533417343,66.12,-0.0,67.54701028149081
8:14:6,37.0,33.68,33.556430638513646,3.443569361486354,1.0330708084459062,68.41,-0.0,69.43718978716213
8:14:36,37.0,34.96,34.865835107688426,2.134164892311574,0.6402494676934722,69.91,-0.0,70.5433882974372
8:15:7,37.0,36.14,36.097476103048436,0.9025238969515641,0.2707571690854692,70.81,-0.0,71.08217463231719
8:15:37,37.0,37.26,37.16745425909131,-0.16745425909130773,-0.050236277727392316,70.81,-0.0,70.7628485803029
8:16:7,37.0,38.33,38.268411560316885,-1.2684115603168848,-0.38052346809506543,70.81,-0.0,70.43152947989438
8:16:37,37.0,39.13,39.088882721923646,-2.088882721923646,-0.6266648165770938,69.49,-0.0,68.87470575935879
8:17:7,37.0,39.78,39.727306770485626,-2.727306770485626,-0.8181920311456877,67.98,-0.0,67.17356440983812
8:17:37,37.0,40.24,40.18689892405155,-3.1868989240515475,-0.9560696772154642,66.48,-0.0,65.53570035864948
8:18:7,37.0,40.76,40.74062543542703,-3.7406254354270274,-1.1221876306281082,64.97,-0.0,63.858458188190994
8:18:37,37.0,41.2,41.14000116663626,-4.14000116663626,-1.242000349990878,63.47,-0.0,62.23999961112124
8:19:7,37.0,41.45,41.43325715089924,-4.433257150899237,-1.329977145269771,60.56,-0.0,59.25058094970025
8:32:25,38.0,25.75,25.031186831882643,12.968813168117357,7.394817268460518,0.05,-0.02,0
8:32:56,38.0,25.75,25.7417335196988,12.258266480301199,6.989663547067744,7.65,-0.0,14.590187274519716
8:33:26,38.0,25.85,25.845750972179577,12.154249027820423,6.930352795663206,15.03,-0.0,21.91062199518134
8:33:56,38.0,26.21,26.190695763093235,11.809304236906765,6.733665275884238,21.25,-0.0,27.944888306538044
8:34:26,38.0,26.64,26.616272663445052,11.383727336554948,6.491001327303632,27.29,-0.0,33.742504585892924
8:34:56,38.0,27.32,27.270063248712802,10.729936751287198,6.118209935583961,33.29,-0.0,39.3713737062044
8:35:26,38.0,28.12,28.042783427671658,9.957216572328342,5.677604889541621,39.33,-0.0,44.97249698837958
8:35:56,38.0,29.04,28.957385356778715,9.042614643221285,5.156098869564777,44.82,-0.0,49.95133296618309
8:36:26,38.0,30.11,30.063395235650272,7.9366047643497275,4.525452036632215,49.35,-0.0,53.84840470736913
8:36:56,38.0,31.29,31.24587577642578,6.75412422357422,3.85120163228202,53.85,-0.0,57.67399714698002
8:37:26,38.0,32.66,32.57443351294584,5.425566487054162,3.0936580109182836,56.94,-0.0,60.01907912324254
8:37:56,38.0,33.93,33.860309778207125,4.1396902217928755,2.360451364466298,59.94,-0.0,62.284866627184776
8:38:26,38.0,35.15,35.05451542104783,2.9454845789521684,1.6795153069185265,61.61,-0.0,63.28556478546503
8:38:56,38.0,36.26,36.20614125371725,1.7938587462827513,1.0228582571304248,63.11,-0.0,64.1262705079227
8:39:26,38.0,37.29,37.24375683900326,0.756243160996739,0.43120985040034066,63.69,-0.0,64.12413961155593
8:39:56,38.0,38.19,38.13547244615859,-0.13547244615858745,-0.07724638879962657,63.69,-0.0,63.61620823466708
8:40:27,38.0,39.02,38.94806063201289,-0.9480606320128899,-0.5405841723737499,63.69,-0.0,63.15397358625139
8:40:57,38.0,39.67,39.61629161923148,-1.6162916192314825,-0.9216094812857913,62.99,-0.0,62.08179324301579
8:42:1,38.0,38.06,38.167773752315455,-0.16777375231545477,-0.08138704724822711,-0.0,0.0,0
8:42:31,40.0,36.63,36.721513241893746,3.2784867581062542,1.5903939263573441,2.27,0.0,3.83546136261927
8:43:1,40.0,35.57,35.61295012435659,4.387049875643413,2.12815789467462,6.06,0.0,8.155842882971804
8:43:31,40.0,34.7,34.7554854793776,5.244514520622403,2.544113993953928,10.59,0.0,13.101123326615475
8:44:1,40.0,33.95,33.98686033655389,6.013139663446111,2.916974050737709,16.22,0.0,19.09498727859745
8:47:24,37.0,30.15,30.19668916626748,6.803310833732521,4.5160377314316476,0.05,0.0,0
8:47:54,37.0,29.7,29.764584889177378,7.235415110822622,4.802868550564057,7.65,0.0,12.398105056182285
8:48:24,37.0,29.56,29.599061907566146,7.400938092433854,4.9127427057575925,15.65,0.0,20.49986167306399
8:48:54,37.0,29.68,29.678549558634323,7.321450441365677,4.859978802978537,24.05,-0.0,28.860085781087264
8:49:24,37.0,30.02,30.017817048339005,6.982182951660995,4.634773043312569,31.62,-0.0,36.204934048125075
8:49:54,37.0,30.6,30.580050187575594,6.419949812424406,4.261562685487321,39.12,-0.0,43.33303409498591
8:50:24,37.0,31.47,31.411662256505203,5.588337743494797,3.7095385941318466,45.89,-0.0,49.56384132681316
8:50:54,37.0,32.53,32.46336535463746,4.53663464536254,3.011418077591654,51.64,-0.0,54.62633275287961
8:51:24,37.0,33.74,33.66068126251959,3.3393187374804114,2.216639777939497,56.16,-0.0,58.36248997548833
8:51:55,37.0,34.87,34.83903947457175,2.1609605254282513,1.4344455967792733,59.16,-0.0,60.57672910753253
8:52:25,37.0,36.1,36.01844918446085,0.9815508155391512,0.6515534313548886,60.89,-0.0,61.53756825706099
8:52:55,37.0,37.23,37.114083637678135,-0.11408363767813512,-0.0757287186907461,61.31,-0.0,61.242820757010286
8:53:25,37.0,38.21,38.14768354458379,-1.147683544583792,-0.7618323368947213,60.57,-0.0,59.82276384789475
8:53:55,37.0,39.02,38.96489728441291,-1.9648972844129133,-1.304298817393292,59.07,-0.0,57.779765314007456
8:54:25,37.0,39.61,39.58519361189643,-2.585193611896429,-1.7160515195768498,56.14,-0.0,54.44577808935905
8:54:55,37.0,39.91,39.890707588799096,-2.8907075887990956,-1.9188516974448397,53.14,-0.0,51.24257122506129
8:55:25,37.0,40.19,40.186190533508075,-3.186190533508075,-2.1149932761426604,50.12,-0.0,48.02528769317482
8:55:55,37.0,40.1,40.17533604502026,-3.1753360450202592,-2.1077880666844484,47.12,0.0,45.026655481461724
8:56:25,37.0,39.96,39.9628541651919,-2.9628541651918994,-1.966742594854383,44.1,0.0,42.15304689460624
8:56:55,37.0,39.84,39.84008384807929,-2.8400838480792885,-1.885247658355032,41.1,0.0,39.2347461573833
8:57:25,37.0,39.52,39.575808555626416,-2.5758085556264163,-1.7098217192248153,38.08,0.0,36.386062089750205
9:15:17,38.0,25.4,25.39449777753245,12.60550222246755,12.60550222246755,0.01,-0.0,0
9:15:47,38.0,25.37,25.371404203279745,12.628595796720255,12.628595796720255,1.62,0.0,14.238439774133614
9:16:17,38.0,25.64,25.607554354881277,12.392445645118723,12.392445645118723,3.22,-0.0,15.606050716798581
9:16:47,38.0,25.89,25.881394169625228,12.118605830374772,12.118605830374772,4.82,-0.0,16.929562033749743
9:17:17,38.0,26.2,26.181279715282336,11.818720284717664,11.818720284717664,6.42,-0.0,18.23080031635296
9:17:47,38.0,26.46,26.46327931607182,11.53672068392818,11.53672068392818,8.02,0.0,19.546356315475755
9:18:18,38.0,26.79,26.78540567842,11.214594321580002,11.214594321580002,9.62,-0.0,20.825104801755554
9:18:48,38.0,27.13,27.12733293192919,10.872667068070811,10.872667068070811,11.22,-0.0,22.082963408967565
9:19:18,38.0,27.47,27.449432593409085,10.550567406590915,10.550567406590915,12.82,-0.0,23.362852673989906
9:19:48,38.0,27.77,27.70917422684805,10.290825773151951,10.290825773151951,14.42,-0.0,24.70758419239106
9:21:28,36.0,27.46,25.994465621489777,10.005534378510223,10.005534378510223,0.15,-0.05,0
9:21:58,36.0,27.39,27.366186244197834,8.633813755802166,8.633813755802166,19.82,-0.0,28.326459728669075
9:22:28,36.0,27.71,27.70392879524871,8.29607120475129,8.29607120475129,39.43,-0.0,47.606745783056994
9:22:58,25.0,28.52,28.50902005694092,-3.509020056940919,-3.509020056940919,36.81,-0.0,33.35219993673231
9:23:28,25.0,29.15,29.097871177879487,-4.097871177879487,-4.097871177879487,27.61,-0.0,23.57792091346724
9:23:58,25.0,29.39,29.35681446079449,-4.356814460794489,-4.356814460794489,17.54,-0.0,13.256872821339456
9:24:28,25.0,29.27,29.317681327131186,-4.3176813271311865,-4.3176813271311865,6.6,0.0,2.337020747632014
9:24:58,25.0,28.97,28.961510674888004,-3.961510674888004,-3.961510674888004,-3.15,-0.0,0
9:25:29,25.0,28.52,28.542002282155053,-3.542002282155053,-3.542002282155053,-12.32,0.0,0
9:25:59,25.0,28.18,28.1859006940611,-3.1859006940611003,-3.1859006940611003,-20.37,0.0,0
9:26:29,25.0,27.78,27.78357354559301,-2.7835735455930113,-2.7835735455930113,-27.47,0.0,0
9:26:59,25.0,27.43,27.411718356043597,-2.411718356043597,-2.411718356043597,-33.91,-0.0,0
9:27:29,25.0,27.07,27.108315225382196,-2.1083152253821957,-2.1083152253821957,-39.31,0.0,0
9:27:59,25.0,26.72,26.74751473039155,-1.7475147303915506,-1.7475147303915506,-43.99,0.0,0
9:28:29,25.0,26.54,26.538293590478407,-1.538293590478407,-1.538293590478407,-47.93,-0.0,0
9:28:59,25.0,26.34,26.356921020191603,-1.3569210201916029,-1.3569210201916029,-51.05,0.0,0
9:29:30,25.0,26.1,26.10799852053994,-1.1079985205399403,-1.1079985205399403,-54.15,0.0,0
9:30:0,25.0,25.97,25.951807997147988,-0.9518079971479878,-0.9518079971479878,-56.89,-0.0,0
9:30:30,25.0,25.75,25.755820727309843,-0.7558207273098425,-0.7558207273098425,-58.45,0.0,0
9:31:0,25.0,25.69,25.644553191488505,-0.6445531914885052,-0.6445531914885052,-60.05,-0.0,0
9:31:30,25.0,25.43,25.447679465051618,-0.4476794650516176,-0.4476794650516176,-61.66,0.0,0
9:32:0,36.0,25.34,25.36584168954279,10.63415831045721,10.63415831045721,7.68,0.0,18.15128701161912
9:32:30,36.0,25.66,25.63932979326491,10.36067020673509,10.36067020673509,31.84,-0.0,42.04296689637232
9:33:0,36.0,26.77,26.696715833100853,9.303284166899147,9.303284166899147,54.24,-0.0,63.41142685211017
9:33:30,36.0,28.91,28.714049894480898,7.2859501055191025,7.2859501055191025,73.31,-0.01,80.50772233946567
9:34:1,36.0,31.45,31.297399665098617,4.702600334901383,4.702600334901383,86.98,-0.01,91.6195559276682
9:34:31,36.0,34.23,34.06592683039449,1.9340731696055116,1.9340731696055116,94.61,-0.01,96.5223035217839
9:35:1,36.0,36.95,36.77440603288932,-0.774406032889317,-0.774406032889317,95.84,-0.01,95.09510440790075
9:35:31,36.0,39.2,39.077626835303626,-3.077626835303626,-3.077626835303626,91.16,-0.0,88.14597018299597
9:36:1,36.0,40.96,40.865382376332825,-4.865382376332825,-4.865382376332825,81.48,-0.0,76.69513069296352
9:36:31,36.0,41.9,41.86853416753641,-5.86853416753641,-5.86853416753641,68.3,-0.0,62.524962036070654
9:37:1,36.0,42.37,42.35695364787412,-6.356953647874121,-6.356953647874121,53.68,-0.0,47.42449594680654
9:37:31,36.0,41.82,41.889130244199706,-5.8891302441997055,-5.8891302441997055,38.64,0.0,32.833188617555884
9:38:1,36.0,41.0,41.03470489555826,-5.0347048955582565,-5.0347048955582565,25.41,0.0,20.45143900493527
9:38:31,36.0,39.87,39.944166761547216,-3.9441667615472156,-3.9441667615472156,14.56,0.0,10.667592487169765
9:39:2,36.0,38.64,38.73816374871335,-2.7381637487133474,-2.7381637487133474,6.39,0.0,3.6809291680962772
9:39:32,36.0,37.4,37.453341217874154,-1.4533412178741543,-1.4533412178741543,1.37,0.0,0
9:40:2,36.0,35.35,35.43972261795481,0.560277382045193,0.560277382045193,0.36,0.0,0.9003082022724328
9:40:32,36.0,33.4,33.527815820970574,2.4721841790294263,2.4721841790294263,4.0,0.0,6.417982421143804
9:41:2,36.0,31.91,32.0430043320334,3.956995667966602,3.956995667966602,11.38,0.0,15.262217408851782
9:41:32,36.0,30.78,30.880673800195524,5.119326199804476,5.119326199804476,21.69,0.0,26.718140222004973
9:42:2,36.0,30.36,30.341030948127123,5.658969051872877,5.658969051872877,34.49,-0.0,40.06107672430319
9:42:32,36.0,30.88,30.780987252321516,5.219012747678484,5.219012747678484,47.0,-0.0,52.15001416408721
9:43:2,36.0,31.47,31.42095417157367,4.579045828426331,4.579045828426331,58.14,-0.0,62.65449536491815
9:43:32,36.0,32.56,32.51123350479955,3.4887664952004513,3.4887664952004513,67.39,-0.0,70.83418499466717
9:44:2,36.0,33.55,33.42288863351723,2.577111366482768,2.577111366482768,74.32,-0.0,76.87123485164753
9:44:32,36.0,34.69,34.5973461359181,1.4026538640818984,1.4026538640818984,78.83,-0.0,80.22294873786878
9:45:2,36.0,35.85,35.77168824152252,0.22831175847748142,0.22831175847748142,80.64,-0.0,80.87701306497499
9:45:32,36.0,36.79,36.74033506663012,-0.7403350666301165,-0.7403350666301165,79.78,-0.0,79.05518325929988
9:46:3,36.0,37.48,37.43103505070872,-1.4310350507087222,-1.4310350507087222,77.14,-0.0,75.73440549921253
9:46:33,36.0,38.33,38.292449671355804,-2.2924496713558042,-2.2924496713558042,72.8,-0.0,70.54172258738244
9:47:3,36.0,39.71,39.66433744496864,-3.6643374449686377,-3.6643374449686377,65.65,-0.0,62.05073617225706
9:47:33,36.0,40.75,40.707564607592104,-4.707564607592104,-4.707564607592104,55.48,-0.0,50.847150436008775
9:48:3,36.0,41.11,41.09337892936227,-5.093378929362267,-5.093378929362267,43.58,-0.0,38.56846785626414
9:48:33,36.0,40.77,40.77634278474696,-4.776342784746959,-4.776342784746959,31.38,0.0,26.672952461392267
9:49:3,36.0,40.13,40.18853087974016,-4.1885308797401635,-4.1885308797401635,20.48,0.0,16.34496568917759
9:49:33,36.0,39.39,39.4373389334608,-3.4373389334608007,-3.4373389334608007,11.39,0.0,7.997401185043559
9:50:3,36.0,38.58,38.620524667948104,-2.6205246679481036,-2.6205246679481036,4.07,0.0,1.4849725911687708
9:50:33,36.0,37.59,37.6434540983292,-1.643454098329201,-1.643454098329201,-1.08,0.0,0
9:51:3,36.0,36.73,36.77311075582714,-0.7731107558271404,-0.7731107558271404,-3.83,0.0,0
9:51:34,36.0,36.0,36.01613330442091,-0.016133304420911543,-0.016133304420911543,-4.77,0.0,0
9:52:4,36.0,35.23,35.28769551628561,0.7123044837143908,0.7123044837143908,-3.98,0.0,0
9:52:34,36.0,34.53,34.594258397015174,1.4057416029848255,1.4057416029848255,-1.46,0.0,0
9:53:4,36.0,33.95,33.97132392664327,2.0286760733567277,2.0286760733567277,2.57,0.0,4.566306748174143
9:53:34,36.0,33.38,33.40507143228843,2.5949285677115697,2.5949285677115697,7.91,0.0,10.462142853012853
9:54:4,36.0,32.8,32.837410699472535,3.162589300527465,3.162589300527465,14.3,0.0,17.408432556141626
9:54:34,36.0,32.33,32.336036040713566,3.663963959286434,3.663963959286434,22.04,0.0,25.643293288096036
9:55:4,36.0,31.83,31.839271530123565,4.160728469876435,4.160728469876435,31.03,0.0,35.12969829986271
9:55:35,36.0,31.41,31.444731485393792,4.555268514606208,4.555268514606208,41.04,0.0,45.52140946067357
9:56:5,36.0,31.06,31.067484088598558,4.932515911401442,4.932515911401442,51.54,0.0,56.4016843460016
9:56:35,36.0,30.72,30.728681036108743,5.271318963891257,5.271318963891257,63.54,0.0,68.73035440432362
9:57:5,36.0,30.35,30.356930622700087,5.643069377299913,5.643069377299913,75.65,0.0,81.20229930811101
9:57:35,36.0,29.98,29.978466545938282,6.021533454061718,6.021533454061718,89.22,-0.0,95.15170383784636
9:58:5,36.0,29.66,29.666759954526555,6.333240045473445,6.333240045473445,93.99,0.0,100
9:58:35,36.0,29.27,29.320656081230393,6.679343918769607,6.679343918769607,93.99,0.0,100
9:59:5,36.0,29.07,29.080394242870028,6.919605757129972,6.919605757129972,93.99,0.0,100
9:59:35,36.0,28.81,28.856342449018562,7.1436575509814375,7.1436575509814375,93.99,0.0,100
10:0:5,36.0,28.57,28.60240205276543,7.397597947234569,7.397597947234569,93.99,0.0,100
10:0:36,36.0,28.41,28.404322118641595,7.595677881358405,7.595677881358405,93.99,-0.0,100
10:1:6,36.0,28.17,28.156403336160093,7.843596663839907,7.843596663839907,93.99,-0.0,100
10:1:36,36.0,27.94,27.949943394129804,8.050056605870196,8.050056605870196,93.99,0.0,100
10:2:6,36.0,27.74,27.785657749699162,8.214342250300838,8.214342250300838,93.99,0.0,100
10:2:36,36.0,27.6,27.600044280657933,8.399955719342067,8.399955719342067,93.99,0.0,100
10:3:6,36.0,27.37,27.389453650463885,8.610546349536115,8.610546349536115,93.99,0.0,100
10:3:36,36.0,27.25,27.25856670065384,8.74143329934616,8.74143329934616,93.99,0.0,100
10:4:6,36.0,27.12,27.118292847819234,8.881707152180766,8.881707152180766,93.99,-0.0,100
10:4:36,36.0,26.91,26.917170995982147,9.082829004017853,9.082829004017853,93.99,0.0,100
10:5:6,36.0,26.8,26.807441075775447,9.192558924224553,9.192558924224553,93.99,0.0,100
10:5:36,36.0,26.62,26.656432166152335,9.343567833847665,9.343567833847665,93.99,0.0,100
10:6:6,36.0,26.55,26.531587843035652,9.468412156964348,9.468412156964348,93.99,-0.0,100
10:6:36,36.0,26.42,26.397099500379838,9.602900499620162,9.602900499620162,93.99,-0.0,100
10:7:6,36.0,26.27,26.263132014199236,9.736867985800764,9.736867985800764,93.99,-0.0,100
10:21:1,35.0,24.13,24.12999999893139,10.870000001068611,9.760173000959506,0.13,-0.0,0
10:21:31,35.0,24.13,24.129999999999992,10.870000000000008,9.760173000000007,24.67,0.0,34.30017300000001
10:22:5,37.0,23.87,23.528827372455343,13.471172627544657,8.082703576526795,0.11,-0.01,0
10:22:57,37.0,23.73,23.333703966660494,13.666296033339506,8.490869725513836,0.12,-0.0,0
10:23:27,37.0,23.78,23.71712492046335,13.282875079536652,13.282875079536652,18.75,-0.0,31.91986119948517
10:23:57,37.0,24.32,24.22931803189589,12.77068196810411,12.77068196810411,37.71,-0.0,50.3707577423379
10:24:27,37.0,25.28,25.257726873497653,11.742273126502347,11.742273126502347,55.3,-0.0,66.93474791833594
10:24:57,37.0,27.02,26.9516366075747,10.048363392425301,10.048363392425301,71.48,-0.0,81.445959324917
10:25:28,37.0,27.18,27.208004286829848,9.791995713170152,9.791995713170152,85.7,0.0,95.39888412574462
10:25:58,37.0,27.83,27.69988149307544,9.300118506924559,9.300118506924559,90.74,-0.0,100
10:26:28,37.0,28.41,28.43780792388725,8.562192076112751,8.562192076112751,91.63,0.0,100
10:36:56,37.0,23.07,23.05920729329402,13.940792706705981,13.58530249268498,0.11,-0.0,0
10:38:27,36.0,20.28,18.7755591288,17.2244408712,7.916353024403519,0.17,-0.02,0
10:38:57,36.0,23.45,23.4523355552171,12.5476644447829,5.766906578822221,20.23,0.0,25.876787309802467
10:39:27,36.0,24.28,24.214327446420675,11.785672553579325,5.416695105625058,39.28,-0.0,44.59004878402784
10:39:57,36.0,24.65,24.58596430112669,11.41403569887331,5.245890807202173,56.89,-0.0,62.029160896891305
10:40:59,37.0,23.83,23.833392937382243,13.166607062617757,10.364753079692699,0.15,0.0,0
10:41:30,37.0,24.0,23.933949260981453,13.066050739018547,10.2855951417554,23.4,-0.0,33.54137237972822
10:48:57,38.0,24.09,24.11512582151538,13.884874178484619,7.503386006053088,0.1,0.0,0
10:49:27,38.0,23.74,23.85228740467831,14.14771259532169,13.424764481700752,16.03,0.0,29.342925646334166
10:49:57,38.0,23.79,23.83738743803864,14.16261256196136,13.438903060045137,32.01,0.0,45.3439068444946
10:50:27,38.0,24.05,24.085840221064394,13.914159778935606,13.203146214231998,47.96,0.0,61.059367460257775
10:50:57,38.0,24.62,24.509444735882994,13.490555264117006,12.801187890120628,63.77,-0.0,76.48284410013403
10:51:27,38.0,25.05,25.03557393757932,12.964426062420682,12.301943890630985,79.55,-0.0,91.75346487847888
10:51:58,38.0,25.87,25.88869751343172,12.111302486568281,11.492414929504642,88.57,0.0,100
10:54:37,37.0,25.46,24.00479638882464,12.99520361117536,6.8575689456172375,0.07,-0.0,0
10:55:7,37.0,25.11,25.14359790694498,11.85640209305502,6.256623384505135,10.0,0.0,16.18465342722793
10:55:38,37.0,25.05,25.03056911529115,11.96943088470885,6.316268677860861,20.86,-0.0,27.107407975400957
10:56:8,37.0,25.03,25.0395135827539,11.960486417246099,6.311548682380767,31.92,0.0,38.160990869311966
10:56:38,37.0,25.26,25.16142045331119,11.838579546688809,6.247218426787685,42.95,-0.0,49.13299847420854
10:57:8,37.0,25.62,25.60016255103067,11.399837448969329,6.015694221821116,52.57,-0.0,58.52685735757902
10:57:38,37.0,26.09,26.070422901198828,10.929577098801172,5.767537835037379,62.05,-0.0,67.75868570559709
10:58:8,37.0,26.71,26.67208280146978,10.32791719853022,5.450041905664397,71.53,-0.0,76.92226511740489
10:58:38,37.0,27.22,27.219969177769173,9.780030822230827,5.160922264891208,82.08,-0.0,87.19092407210134
11:2:23,38.0,25.5,24.914830596319433,13.085169403680567,6.737553725955125,0.08,-0.01,0
11:2:53,38.0,25.47,25.409712693262616,12.590287306737384,6.482738934239079,7.7,-0.0,14.116188038043422
11:3:23,38.0,25.38,25.361332573590982,12.638667426409018,6.507649857858004,19.53,-0.0,25.96871784206445
11:3:53,38.0,25.45,25.50940810901641,12.490591890983591,6.431405764667451,31.55,0.0,37.90800696074161
11:4:23,38.0,26.25,26.123052260982753,11.876947739017247,6.11544039081998,43.24,-0.0,49.292703212022204
11:8:54,38.0,26.78,26.346481355250006,11.653518644749994,8.33110047913177,0.11,-0.01,0
11:9:24,38.0,26.63,26.61246770737673,11.38753229262327,8.140946835996376,18.59,-0.0,26.622339484440417
11:9:54,38.0,26.37,26.43656013356463,11.56343986643537,8.266703160514647,37.07,0.0,45.22141606723849
11:46:30,38.0,23.92,23.950774031949507,14.049225968050493,7.831038554591345,0.14,0.0,0
11:47:0,38.0,24.06,24.148711950890853,13.851288049109147,7.720707958573438,24.08,0.0,31.65521373174827
11:47:30,38.0,24.33,24.276822572705797,13.723177427294203,7.649299097973789,47.73,-0.0,55.24259255330421
11:48:0,38.0,24.36,24.347438373555956,13.652561626444044,7.60993785057991,71.09,-0.0,78.56071583397768
11:50:2,37.0,24.21,24.17846230785249,12.821537692147508,12.330472798538258,0.11,-0.0,0
11:50:32,37.0,24.43,24.402153756118437,12.597846243881563,12.115348732740898,18.27,-0.0,30.278324258600996
11:51:2,37.0,25.11,25.005034820096995,11.994965179903005,11.53555801351272,35.87,-0.0,47.30677412612525
11:51:33,37.0,26.12,25.92540209707873,11.074597902921269,10.650440803239384,52.18,-0.0,62.75123467026598
11:52:3,37.0,27.15,27.073642938612505,9.926357061387495,9.546177585936354,67.32,-0.0,76.78433676215151
11:52:33,37.0,28.68,28.5830950887932,8.4169049112068,8.094537453107579,80.44,-0.0,88.47489228123065
11:53:3,37.0,30.14,30.074812452515587,6.925187547484413,6.65995286441576,91.2,-0.0,97.80691851601752
11:53:33,37.0,31.62,31.537497539486612,5.462502460513388,5.253288616275725,94.78,-0.0,100
11:54:3,37.0,32.96,32.912081521126886,4.087918478873114,3.9313512011322733,96.09,-0.0,100
11:54:33,37.0,34.17,34.13637579782419,2.8636242021758065,2.753947395232473,97.25,-0.0,100
11:55:3,37.0,35.05,35.18076286988223,1.81923713011777,1.7495603480342594,98.27,0.0,100
11:55:33,37.0,36.1,36.12306772296958,0.87693227703042,0.8433457708201549,99.16,0.0,100
11:56:3,37.0,36.95,36.91527356137895,0.0847264386210469,0.0814814160218608,99.45,-0.0,99.53519212891318
11:56:33,37.0,37.72,37.6404989672585,-0.6404989672585018,-0.6159678568125011,99.18,-0.0,98.58252727020833
11:57:3,37.0,38.45,38.3102127845851,-1.3102127845850973,-1.260031634935488,97.47,-0.0,96.23490540562725
11:57:33,37.0,38.93,38.93055351022808,-1.93055351022808,-1.8566133107863445,95.12,0.0,93.28332754357073
11:58:3,37.0,39.49,39.43795940904616,-2.437959409046158,-2.3445855636796904,91.72,-0.0,89.40097526257811
11:58:34,37.0,39.78,39.86230062990957,-2.8623006299095692,-2.7526745157840327,88.1,0.0,85.3685312046844
11:59:4,37.0,40.06,40.05983049428721,-3.059830494287212,-2.9426389863560116,83.01,-0.0,80.09737912627111
11:59:34,37.0,40.13,40.194639960348454,-3.1946399603484537,-3.072285249867108,77.91,0.0,74.86080761125876
12:0:4,37.0,40.17,40.22675765256385,-3.2267576525638475,-3.103172834470652,72.81,0.0,69.73076229503262
12:0:34,37.0,39.99,40.14054601639734,-3.1405460163973373,-3.0202631039693193,67.71,0.0,64.70365021781186
12:1:4,37.0,39.93,40.011890507228784,-3.0118905072287845,-2.896535100801922,62.61,0.0,59.73471444355343
12:1:34,37.0,39.8,39.772247046128975,-2.7722470461289745,-2.6660699842622346,57.69,-0.0,55.046895573041965
12:2:4,37.0,39.32,39.31423174767746,-2.3142317476774608,-2.225596671741414,54.29,-0.0,52.0850196980651
12:2:34,37.0,38.55,38.59815214245281,-1.5981521424528111,-1.5369429153968686,50.96,0.0,49.42791176067014
12:3:4,37.0,37.8,37.90140210609662,-0.9014021060966186,-0.8668784054331181,49.24,0.0,48.37228621618543
12:3:34,37.0,37.22,37.19296477786998,-0.19296477786998167,-0.18557422687756137,48.33,-0.0,48.14731463680271
12:4:5,37.0,36.7,36.728633387313835,0.27136661268616535,0.2609732714202852,48.33,0.0,48.58791363491143
12:4:35,37.0,36.31,36.31213735673222,0.6878626432677777,0.6615175040306218,48.81,0.0,49.46128911558957
12:5:5,37.0,36.01,36.02890524706624,0.9710947529337588,0.9339018238963959,50.41,0.0,51.331881693218214
12:5:35,37.0,35.66,35.79759421002029,1.2024057899797072,1.1563536482234844,52.01,0.0,53.141650942470534
12:6:5,37.0,35.77,35.725365214124594,1.2746347858754064,1.2258162735763782,53.64,-0.0,54.8605857484182
12:6:35,37.0,35.61,35.6882280474751,1.3117719525249,1.2615310867431964,55.24,0.0,56.48317198527022
12:7:5,37.0,35.76,35.7281475828642,1.271852417135797,1.223140469559496,56.84,-0.0,58.05654407728833
12:7:35,37.0,35.84,35.78867121620965,1.21132878379035,1.1649348913711794,58.44,-0.0,59.60041965707909
12:8:5,37.0,35.87,35.875359074875824,1.1246409251241758,1.0815671776919198,60.08,0.0,61.1509945307688
12:8:35,37.0,36.03,36.011120654688256,0.9888793453117444,0.9510052663863046,61.68,-0.0,62.62302262931812
12:9:5,37.0,36.27,36.259883297559206,0.740116702440794,0.7117702327373115,63.28,-0.0,63.98285125859702
12:9:36,37.0,36.32,36.35016705231352,0.6498329476864768,0.6249443457900847,64.92,0.0,65.53172082865565
12:10:6,37.0,36.55,36.56116988667657,0.4388301133234265,0.42202291998313923,65.15,0.0,65.57082935553683
12:10:36,37.0,36.7,36.81316858081371,0.18683141918629076,0.17967577583145583,65.15,0.0,65.31758308425718
12:11:6,37.0,36.85,36.80934365891271,0.19065634108729057,0.18335420322364734,65.15,-0.0,65.3376985591374
12:11:36,37.0,36.95,37.06655250838879,-0.06655250838878857,-0.06400354731749797,65.15,0.0,65.07354216964723
12:12:6,37.0,37.11,37.10737816152403,-0.10737816152403212,-0.1032655779376617,65.15,-0.0,65.04701458006927
12:12:36,37.0,37.36,37.17982359180256,-0.1798235918025597,-0.17293634823652165,65.15,-0.0,64.99631650195943
12:13:6,37.0,36.97,37.14561566185027,-0.14561566185027175,-0.14003858200140634,65.15,0.0,64.99119590888733
12:13:36,37.0,37.1,37.18929527361846,-0.18929527361846255,-0.18204526463887544,65.15,0.0,64.95841303929014
12:14:6,37.0,37.36,37.24787937602697,-0.2478793760269724,-0.23838559592513936,65.15,-0.0,64.92359511563873
12:14:36,37.0,37.14,37.2260410591347,-0.22604105913470107,-0.21738368656984203,65.15,0.0,64.92342234825574
12:15:6,37.0,36.05,35.93964594145823,1.060354058541769,1.0197424980996193,66.49,-0.0,67.51153444233292
12:15:36,37.0,37.11,37.09642457937813,-0.0964245793781302,-0.09273151798794782,67.14,-0.0,67.04871909112451
12:16:7,37.0,37.91,37.89234787565889,-0.8923478756588921,-0.8581709520211565,66.44,-0.0,65.59371527553205
12:16:37,37.0,38.57,38.414867395076705,-1.4148673950767048,-1.360677973845267,64.72,-0.0,63.3858988068386
12:17:7,37.0,38.76,38.79269365719335,-1.7926936571933467,-1.7240334901228416,62.51,0.0,60.80247301097462
12:17:37,37.0,38.96,39.05274399936102,-2.05274399936102,-1.974123904185493,59.05,0.0,57.08596588423834
12:18:7,37.0,39.13,39.10508312614956,-2.105083126149559,-2.0244584424180307,55.65,-0.0,53.64820406397996
12:18:37,37.0,39.0,39.00927608387628,-2.00927608387628,-1.9323208098638185,52.25,0.0,50.3366879890402
12:19:7,37.0,38.85,38.86072920891345,-1.8607292089134475,-1.7894632802120625,48.79,0.0,47.01939024420882
12:19:37,37.0,38.54,38.58444812079474,-1.5844481207947396,-1.5237637577683012,45.97,0.0,44.451486713590775
12:20:8,37.0,38.24,38.30625508074014,-1.3062550807401365,-1.2562255111477894,44.24,0.0,42.98669476539134
12:20:38,37.0,38.11,38.0520634442044,-1.0520634442044,-1.0117694142913713,42.51,-0.0,41.51442142856515
12:21:8,37.0,37.99,37.81807789636403,-0.8180778963640307,-0.7867455129332883,40.78,-0.0,40.02162531896302
12:21:38,37.0,37.53,37.474582987799366,-0.4745829877993657,-0.45640645936665,39.36,-0.0,38.909515156259275
12:22:8,37.0,37.17,37.198256110859404,-0.1982561108594041,-0.1906629018134889,39.36,0.0,39.166317775762785
12:22:38,37.0,37.05,36.93640158429368,0.06359841570632341,0.06116259638477122,39.36,-0.0,39.4333012182053
12:23:8,37.0,36.8,36.766306283921274,0.2336937160787258,0.2247432467529106,39.36,-0.0,39.588343607503234
12:23:38,37.0,36.52,36.53334273225154,0.4666572677484595,0.4487842943936935,39.36,0.0,39.807358549326324
12:24:8,37.0,36.49,36.41518694595097,0.5848130540490288,0.562414714078951,40.01,-0.0,40.57040890453217
12:34:20,30.0,27.57,27.69185647309693,2.30814352690307,1.4045053361205182,0.01,0.0,0
12:34:50,30.0,28.32,28.270894624341807,1.7291053756581931,1.0521606210880106,4.56,-0.0,5.58548069009779
12:35:20,30.0,28.83,28.710224005194352,1.2897759948056482,0.784828692839237,8.32,-0.0,9.092926880932486
12:35:50,30.0,28.92,28.985542005191885,1.0144579948081152,0.6172976898407381,11.49,0.0,12.082866322045264
12:36:20,30.0,29.29,29.226160224529327,0.7738397754706732,0.47088150337390466,13.24,-0.0,13.705197781526559
12:36:50,30.0,29.49,29.478129266873662,0.5218707331263381,0.3175583411073768,14.84,-0.0,15.148360934563751
12:37:20,30.0,29.49,29.44061601781249,0.5593839821875086,0.340385153161099,16.45,-0.0,16.78372405906789
12:37:51,30.0,29.64,29.3869651457133,0.613034854286699,0.3730317088334564,18.05,-0.0,18.430139676481616
12:38:21,30.0,29.81,29.76629221834016,0.23370778165984163,0.14221118514001363,18.92,-0.0,19.06516631682224
12:38:51,30.0,29.9,29.885872890647743,0.1141271093522569,0.06944634604084833,18.92,-0.0,18.990401495600945
12:39:21,30.0,30.05,30.001033669225123,-0.0010336692251229351,-0.0006289877234873061,18.92,-0.0,18.92268168030724
12:39:51,30.0,30.31,30.144583311687313,-0.1445833116873132,-0.08797894516173009,18.92,-0.0,18.843205060931414
12:40:21,30.0,30.07,30.03575283966729,-0.03575283966728904,-0.02175560293754538,18.92,-0.0,18.90055988562495
12:40:51,30.0,30.25,30.155480907382387,-0.15548090738238685,-0.0946101321421824,18.92,-0.0,18.83178040873091
12:41:21,30.0,30.11,30.080473826034844,-0.08047382603484365,-0.04896832314220237,18.92,-0.0,18.873027974286444
12:41:51,30.0,30.06,30.076346799715406,-0.07634679971540592,-0.04645702762682451,18.92,0.0,18.87243774708131
12:42:22,30.0,30.16,30.14122202081569,-0.14122202081568958,-0.08593359966634712,18.92,-0.0,18.835336000370727
12:42:52,30.0,30.1,30.143640890891767,-0.14364089089176701,-0.08740548210764024,18.92,0.0,18.829643908769288
12:43:22,30.0,30.13,30.086654337284006,-0.08665433728400629,-0.05272916423731783,18.92,-0.0,18.870201484180757
12:43:52,30.0,30.14,30.116412611242218,-0.11641261124221813,-0.07083707394088974,18.92,-0.0,18.850757695621233
12:44:22,30.0,30.11,30.067781573285774,-0.0677815732857745,-0.041245087344393784,18.92,-0.0,18.88160934739512
12:44:52,30.0,30.03,30.0633606731808,-0.06336067318079941,-0.038554969630516446,18.92,0.0,18.879189478188316
12:47:17,36.0,29.24,29.26981682381934,6.73018317618066,4.009170118050819,0.06,0.0,0
12:47:47,36.0,28.92,28.903560223275747,7.096439776724253,4.227349174994638,10.7,-0.0,14.858437305549598
12:48:17,36.0,29.04,29.06304738560752,6.936952614392482,4.132342672393602,22.94,0.0,27.010817191548448
12:48:47,36.0,29.35,29.3370658171084,6.6629341828916,3.969109892748526,33.81,-0.0,37.71996599194281
12:49:17,36.0,29.98,29.817059625228822,6.182940374771178,3.683177581251191,44.49,-0.0,48.12396242361243
12:49:48,36.0,30.57,30.414669784223484,5.585330215776516,3.3271812095380704,54.28,-0.0,57.56746234393118
12:50:18,36.0,31.7,31.40516848262055,4.5948315173794505,2.737141134902939,62.8,-0.0,65.5166557054477
12:50:48,36.0,32.34,32.2703913335384,3.7296086664616013,2.2217278826111757,69.86,-0.0,72.05633520290131
12:51:18,36.0,33.42,33.330259405377674,2.6697405946223256,1.5903644722165193,75.22,-0.0,76.7963043024628
12:51:48,36.0,34.5,34.52034443226569,1.4796555677343122,0.8814308216993297,78.6,0.0,79.47008424633259
12:52:18,36.0,35.44,35.42898859635327,0.5710114036467289,0.3401514931523564,80.38,-0.0,80.71088032572484
12:52:48,36.0,36.51,36.381915034845974,-0.38191503484597433,-0.22750678625774692,80.42,-0.0,80.20097101526918
12:53:18,36.0,37.32,37.222223763595125,-1.2222237635951245,-0.7280786959736157,79.08,-0.0,78.36839300447376
12:53:48,36.0,38.06,37.98199495352196,-1.981994953521962,-1.1806743938130329,76.18,-0.0,75.02448867354107
12:54:18,36.0,36.95,37.142193174166124,-1.142193174166124,-0.6804044738507601,72.81,0.0,72.12687447349914
12:54:48,36.0,34.23,34.4030394292649,1.5969605707350993,0.9513094119868987,73.41,0.0,74.3398561244299
12:55:19,36.0,33.66,33.74860340583554,2.2513965941644614,1.3411569511437698,76.92,0.0,78.23529239015974
12:55:49,36.0,34.34,34.26103744369593,1.7389625563040667,1.0358999947903325,80.24,-0.0,81.26112643865592
12:56:19,36.0,34.59,34.5129890670603,1.4870109329396968,0.8858124127521774,82.66,-0.0,83.54090968083575
12:56:49,36.0,34.64,34.644331231983024,1.355668768016976,0.8075718851077125,84.32,0.0,85.11728520567524
12:57:19,36.0,34.83,34.843651149408075,1.1563488505919253,0.6888370102976099,85.98,0.0,86.65793345588624
12:57:49,36.0,35.0,35.005793658295886,0.994206341704114,0.5922487177531407,87.64,0.0,88.22186524194792
12:58:19,36.0,35.11,35.07107308654355,0.9289269134564506,0.5533617623460076,89.3,-0.0,89.84593829149557
12:58:49,36.0,35.18,35.14199485833115,0.8580051416688477,0.5111136628921326,90.97,-0.0,91.47362918099125
12:59:19,36.0,35.48,35.42594812577605,0.5740518742239473,0.3419627014752054,92.63,-0.0,92.96554033497246
12:59:49,36.0,35.49,35.47972658518688,0.5202734148131185,0.3099268732041747,93.14,-0.0,93.45060685911575
13:0:19,36.0,35.67,35.703728666109654,0.29627133389034555,0.17648883359847883,93.15,0.0,93.32425637066498
13:0:49,36.0,35.89,35.88648048449166,0.11351951550833661,0.06762357538831612,93.15,-0.0,93.21785652820924
13:1:19,36.0,36.01,35.99174366334145,0.008256336658547525,0.004918299747496761,93.15,-0.0,93.15612666638611
13:1:50,36.0,36.17,36.030354696964075,-0.03035469696407489,-0.018082292981499413,93.15,-0.0,93.14116067446501
13:2:20,36.0,36.07,36.19432717273013,-0.19432717273012656,-0.11576069679533639,93.15,0.0,93.02601022578297
13:2:50,36.0,36.12,36.26925693156383,-0.2692569315638309,-0.16039635413257408,93.15,0.0,92.97972449540826
13:3:20,36.0,36.34,36.37422954463564,-0.3742295446356394,-0.2229285397394504,93.15,0.0,92.92480584473395
13:3:50,36.0,36.46,36.42879354999522,-0.4287935499952198,-0.2554323177321524,93.15,-0.0,92.89663320251984
13:4:20,36.0,36.48,36.511514983144544,-0.5115149831445436,-0.3047094754592046,93.12,0.0,92.8132045828231
13:4:50,36.0,36.64,36.61276950260698,-0.6127695026069802,-0.3650267927029781,91.91,-0.0,91.55677556366336
13:5:20,36.0,36.69,36.68064143542418,-0.6806414354241781,-0.4054581030821829,90.24,-0.0,89.84516132990868
13:5:50,36.0,36.95,36.995481609981475,-0.995481609981475,-0.5930083950659646,88.57,0.0,87.98398122770448
13:6:20,35.0,36.93,37.025174409893395,-2.0251744098933955,-1.2063963959734958,86.51,0.0,85.317304115585
13:6:51,35.0,38.24,37.93809198783497,-2.938091987834973,-1.7502213971532934,82.83,-0.0,81.12976155871856
13:7:21,35.0,38.11,38.12241851316528,-3.122418513165279,-1.8600247082925567,77.91,0.0,76.07915332411937
13:7:51,35.0,37.73,37.700240869474314,-2.700240869474314,-1.6085334859458489,72.94,-0.0,71.36343623783794
13:8:21,35.0,37.6,37.56219278513552,-2.5621927851355224,-1.5262982421052307,69.35,-0.0,67.84620417543863
13:8:51,35.0,37.19,37.186406236014754,-2.1864062360147543,-1.302442194793989,66.05,-0.0,64.76779567245111
13:9:21,35.0,37.14,37.152678316240916,-2.152678316240916,-1.2823504729847137,62.75,0.0,61.48681036335032
13:9:51,35.0,37.01,37.05744240479081,-2.0574424047908124,-1.225618440533887,59.45,0.0,58.24124139940679
13:10:21,35.0,36.8,36.934213810947824,-1.9342138109478242,-1.1522111671816189,56.17,0.0,55.028905369798196
13:10:51,35.0,36.67,36.72581606514108,-1.7258160651410819,-1.0280686300045425,52.87,0.0,51.85823696666162
13:11:21,35.0,36.26,36.28414500093968,-1.2841450009396809,-0.7649651770597679,50.78,0.0,50.02343669215581
13:11:51,35.0,35.36,35.26358919606038,-0.26358919606038,-0.15702008409316837,49.45,-0.0,49.29936123989648
